index,negativeword,rattcounter,kibucounter
1,2-faced,0,0
2,2-faces,0,0
3,abnormal,0,0
4,abolish,0,0
5,abominable,0,0
6,abominably,0,0
7,abominate,0,0
8,abomination,0,0
9,abort,0,0
10,aborted,0,0
11,aborts,0,0
12,abrade,0,0
13,abrasive,0,0
14,abrupt,0,0
15,abruptly,0,0
16,abscond,0,0
17,absence,0,0
18,absent-minded,0,0
19,absentee,0,0
20,absurd,0,0
21,absurdity,0,0
22,absurdly,0,0
23,absurdness,0,0
24,abuse,0,0
25,abused,0,0
26,abuses,0,0
27,abusive,0,0
28,abysmal,0,0
29,abysmally,0,0
30,abyss,0,0
31,accidental,0,0
32,accost,0,0
33,accursed,0,0
34,accusation,0,0
35,accusations,0,0
36,accuse,0,0
37,accuses,0,0
38,accusing,0,0
39,accusingly,0,0
40,acerbate,0,0
41,acerbic,0,0
42,acerbically,0,0
43,ache,0,0
44,ached,0,0
45,aches,0,0
46,achey,0,0
47,aching,0,0
48,acrid,0,0
49,acridly,0,0
50,acridness,0,0
51,acrimonious,0,0
52,acrimoniously,0,0
53,acrimony,0,0
54,adamant,0,0
55,adamantly,0,0
56,addict,0,0
57,addicted,0,0
58,addicting,0,0
59,addicts,0,0
60,admonish,0,0
61,admonisher,0,0
62,admonishingly,0,0
63,admonishment,0,0
64,admonition,0,0
65,adulterate,0,0
66,adulterated,0,0
67,adulteration,0,0
68,adulterier,0,0
69,adversarial,0,0
70,adversary,0,0
71,adverse,0,0
72,adversity,0,0
73,afflict,0,0
74,affliction,0,0
75,afflictive,0,0
76,affront,0,0
77,afraid,0,0
78,aggravate,0,0
79,aggravating,0,0
80,aggravation,0,0
81,aggression,0,0
82,aggressive,0,0
83,aggressiveness,0,0
84,aggressor,0,0
85,aggrieve,0,0
86,aggrieved,0,0
87,aggrivation,0,0
88,aghast,0,0
89,agonies,0,0
90,agonize,0,0
91,agonizing,0,0
92,agonizingly,0,0
93,agony,0,0
94,aground,0,0
95,ail,0,0
96,ailing,0,0
97,ailment,0,0
98,aimless,0,0
99,alarm,0,0
100,alarmed,0,0
101,alarming,0,0
102,alarmingly,0,0
103,alienate,0,0
104,alienated,0,0
105,alienation,0,0
106,allegation,0,0
107,allegations,0,0
108,allege,0,0
109,allergic,0,0
110,allergies,0,0
111,allergy,0,0
112,aloof,0,0
113,altercation,0,0
114,ambiguity,0,0
115,ambiguous,0,0
116,ambivalence,0,0
117,ambivalent,0,0
118,ambush,0,0
119,amiss,0,0
120,amputate,0,0
121,anarchism,0,0
122,anarchist,0,0
123,anarchistic,0,0
124,anarchy,0,0
125,anemic,0,0
126,anger,0,0
127,angrily,0,0
128,angriness,0,0
129,angry,0,0
130,anguish,0,0
131,animosity,0,0
132,annihilate,0,0
133,annihilation,0,0
134,annoy,0,0
135,annoyance,0,0
136,annoyances,0,0
137,annoyed,0,0
138,annoying,0,0
139,annoyingly,0,0
140,annoys,0,0
141,anomalous,0,0
142,anomaly,0,0
143,antagonism,0,0
144,antagonist,0,0
145,antagonistic,0,0
146,antagonize,0,0
147,anti-,0,0
148,anti-american,0,0
149,anti-israeli,0,0
150,anti-occupation,0,0
151,anti-proliferation,0,0
152,anti-semites,0,0
153,anti-social,0,0
154,anti-us,0,0
155,anti-white,0,0
156,antipathy,0,0
157,antiquated,0,0
158,antithetical,0,0
159,anxieties,0,0
160,anxiety,0,0
161,anxious,0,0
162,anxiously,0,0
163,anxiousness,0,0
164,apathetic,0,0
165,apathetically,0,0
166,apathy,0,0
167,apocalypse,0,0
168,apocalyptic,0,0
169,apologist,0,0
170,apologists,0,0
171,appal,0,0
172,appall,0,0
173,appalled,0,0
174,appalling,0,0
175,appallingly,0,0
176,apprehension,0,0
177,apprehensions,0,0
178,apprehensive,0,0
179,apprehensively,0,0
180,arbitrary,0,0
181,arcane,0,0
182,archaic,0,0
183,arduous,0,0
184,arduously,0,0
185,argumentative,0,0
186,arrogance,0,0
187,arrogant,0,0
188,arrogantly,0,0
189,ashamed,0,0
190,asinine,0,0
191,asininely,0,0
192,asinininity,0,0
193,askance,0,0
194,asperse,0,0
195,aspersion,0,0
196,aspersions,0,0
197,assail,0,0
198,assassin,0,0
199,assassinate,0,0
200,assault,0,0
201,assult,0,0
202,astray,0,0
203,asunder,0,0
204,atrocious,0,0
205,atrocities,0,0
206,atrocity,0,0
207,atrophy,0,0
208,attack,0,0
209,attacks,0,0
210,audacious,0,0
211,audaciously,0,0
212,audaciousness,0,0
213,audacity,0,0
214,audiciously,0,0
215,austere,0,0
216,authoritarian,0,0
217,autocrat,0,0
218,autocratic,0,0
219,avalanche,0,0
220,avarice,0,0
221,avaricious,0,0
222,avariciously,0,0
223,avenge,0,0
224,averse,0,0
225,aversion,0,0
226,aweful,0,0
227,awful,0,0
228,awfully,0,0
229,awfulness,0,0
230,awkward,0,0
231,awkwardness,0,0
232,ax,0,0
233,babble,0,0
234,back-logged,0,0
235,back-wood,0,0
236,back-woods,0,0
237,backache,0,0
238,backaches,0,0
239,backaching,0,0
240,backbite,0,0
241,backbiting,0,0
242,backward,0,0
243,backwardness,0,0
244,backwood,0,0
245,backwoods,0,0
246,bad,0,0
247,badly,0,0
248,baffle,0,0
249,baffled,0,0
250,bafflement,0,0
251,baffling,0,0
252,bait,0,0
253,balk,0,0
254,banal,0,0
255,banalize,0,0
256,bane,0,0
257,banish,0,0
258,banishment,0,0
259,bankrupt,0,0
260,barbarian,0,0
261,barbaric,0,0
262,barbarically,0,0
263,barbarity,0,0
264,barbarous,0,0
265,barbarously,0,0
266,barren,0,0
267,baseless,0,0
268,bash,0,0
269,bashed,0,0
270,bashful,0,0
271,bashing,0,0
272,bastard,0,0
273,bastards,0,0
274,battered,0,0
275,battering,0,0
276,batty,0,0
277,bearish,0,0
278,beastly,0,0
279,bedlam,0,0
280,bedlamite,0,0
281,befoul,0,0
282,beg,0,0
283,beggar,0,0
284,beggarly,0,0
285,begging,0,0
286,beguile,0,0
287,belabor,0,0
288,belated,0,0
289,beleaguer,0,0
290,belie,0,0
291,belittle,0,0
292,belittled,0,0
293,belittling,0,0
294,bellicose,0,0
295,belligerence,0,0
296,belligerent,0,0
297,belligerently,0,0
298,bemoan,0,0
299,bemoaning,0,0
300,bemused,0,0
301,bent,0,0
302,berate,0,0
303,bereave,0,0
304,bereavement,0,0
305,bereft,0,0
306,berserk,0,0
307,beseech,0,0
308,beset,0,0
309,besiege,0,0
310,besmirch,0,0
311,bestial,0,0
312,betray,0,0
313,betrayal,0,0
314,betrayals,0,0
315,betrayer,0,0
316,betraying,0,0
317,betrays,0,0
318,bewail,0,0
319,beware,0,0
320,bewilder,0,0
321,bewildered,0,0
322,bewildering,0,0
323,bewilderingly,0,0
324,bewilderment,0,0
325,bewitch,0,0
326,bias,0,0
327,biased,0,0
328,biases,0,0
329,bicker,0,0
330,bickering,0,0
331,bid-rigging,0,0
332,bigotries,0,0
333,bigotry,0,0
334,bitch,0,0
335,bitchy,0,0
336,biting,0,0
337,bitingly,0,0
338,bitter,0,0
339,bitterly,0,0
340,bitterness,0,0
341,bizarre,0,0
342,blab,0,0
343,blabber,0,0
344,blackmail,0,0
345,blah,0,0
346,blame,0,0
347,blameworthy,0,0
348,bland,0,0
349,blandish,0,0
350,blaspheme,0,0
351,blasphemous,0,0
352,blasphemy,0,0
353,blasted,0,0
354,blatant,0,0
355,blatantly,0,0
356,blather,0,0
357,bleak,0,0
358,bleakly,0,0
359,bleakness,0,0
360,bleed,0,0
361,bleeding,0,0
362,bleeds,0,0
363,blemish,0,0
364,blind,0,0
365,blinding,0,0
366,blindingly,0,0
367,blindside,0,0
368,blister,0,0
369,blistering,0,0
370,bloated,0,0
371,blockage,0,0
372,blockhead,0,0
373,bloodshed,0,0
374,bloodthirsty,0,0
375,bloody,0,0
376,blotchy,0,0
377,blow,0,0
378,blunder,0,0
379,blundering,0,0
380,blunders,0,0
381,blunt,0,0
382,blur,0,0
383,bluring,0,0
384,blurred,0,0
385,blurring,0,0
386,blurry,0,0
387,blurs,0,0
388,blurt,0,0
389,boastful,0,0
390,boggle,0,0
391,bogus,0,0
392,boil,0,0
393,boiling,0,0
394,boisterous,0,0
395,bomb,0,0
396,bombard,0,0
397,bombardment,0,0
398,bombastic,0,0
399,bondage,0,0
400,bonkers,0,0
401,bore,0,0
402,bored,0,0
403,boredom,0,0
404,bores,0,0
405,boring,0,0
406,botch,0,0
407,bother,0,0
408,bothered,0,0
409,bothering,0,0
410,bothers,0,0
411,bothersome,0,0
412,bowdlerize,0,0
413,boycott,0,0
414,braggart,0,0
415,bragger,0,0
416,brainless,0,0
417,brainwash,0,0
418,brash,0,0
419,brashly,0,0
420,brashness,0,0
421,brat,0,0
422,bravado,0,0
423,brazen,0,0
424,brazenly,0,0
425,brazenness,0,0
426,breach,0,0
427,break,0,0
428,break-up,0,0
429,break-ups,0,0
430,breakdown,0,0
431,breaking,0,0
432,breaks,0,0
433,breakup,0,0
434,breakups,0,0
435,bribery,0,0
436,brimstone,0,0
437,bristle,0,0
438,brittle,0,0
439,broke,0,0
440,broken,0,0
441,broken-hearted,0,0
442,brood,0,0
443,browbeat,0,0
444,bruise,0,0
445,bruised,0,0
446,bruises,0,0
447,bruising,0,0
448,brusque,0,0
449,brutal,0,0
450,brutalising,0,0
451,brutalities,0,0
452,brutality,0,0
453,brutalize,0,0
454,brutalizing,0,0
455,brutally,0,0
456,brute,0,0
457,brutish,0,0
458,bs,0,0
459,buckle,0,0
460,bug,0,0
461,bugging,0,0
462,buggy,0,0
463,bugs,0,0
464,bulkier,0,0
465,bulkiness,0,0
466,bulky,0,0
467,bulkyness,0,0
468,bull****,0,0
469,bull----,0,0
470,bullies,0,0
471,bullshit,0,0
472,bullshyt,0,0
473,bully,0,0
474,bullying,0,0
475,bullyingly,0,0
476,bum,0,0
477,bump,0,0
478,bumped,0,0
479,bumping,0,0
480,bumpping,0,0
481,bumps,0,0
482,bumpy,0,0
483,bungle,0,0
484,bungler,0,0
485,bungling,0,0
486,bunk,0,0
487,burden,0,0
488,burdensome,0,0
489,burdensomely,0,0
490,burn,0,0
491,burned,0,0
492,burning,0,0
493,burns,0,0
494,bust,0,0
495,busts,0,0
496,busybody,0,0
497,butcher,0,0
498,butchery,0,0
499,buzzing,0,0
500,byzantine,0,0
501,cackle,0,0
502,calamities,0,0
503,calamitous,0,0
504,calamitously,0,0
505,calamity,0,0
506,callous,0,0
507,calumniate,0,0
508,calumniation,0,0
509,calumnies,0,0
510,calumnious,0,0
511,calumniously,0,0
512,calumny,0,0
513,cancer,0,0
514,cancerous,0,0
515,cannibal,0,0
516,cannibalize,0,0
517,capitulate,0,0
518,capricious,0,0
519,capriciously,0,0
520,capriciousness,0,0
521,capsize,0,0
522,careless,0,0
523,carelessness,0,0
524,caricature,0,0
525,carnage,0,0
526,carp,0,0
527,cartoonish,0,0
528,cash-strapped,0,0
529,castigate,0,0
530,castrated,0,0
531,casualty,0,0
532,cataclysm,0,0
533,cataclysmal,0,0
534,cataclysmic,0,0
535,cataclysmically,0,0
536,catastrophe,0,0
537,catastrophes,0,0
538,catastrophic,0,0
539,catastrophically,0,0
540,catastrophies,0,0
541,caustic,0,0
542,caustically,0,0
543,cautionary,0,0
544,cave,0,0
545,censure,0,0
546,chafe,0,0
547,chaff,0,0
548,chagrin,0,0
549,challenging,0,0
550,chaos,0,0
551,chaotic,0,0
552,chasten,0,0
553,chastise,0,0
554,chastisement,0,0
555,chatter,0,0
556,chatterbox,0,0
557,cheap,0,0
558,cheapen,0,0
559,cheaply,0,0
560,cheat,0,0
561,cheated,0,0
562,cheater,0,0
563,cheating,0,0
564,cheats,0,0
565,checkered,0,0
566,cheerless,0,0
567,cheesy,0,0
568,chide,0,0
569,childish,0,0
570,chill,0,0
571,chilly,0,0
572,chintzy,0,0
573,choke,0,0
574,choleric,0,0
575,choppy,0,0
576,chore,0,0
577,chronic,0,0
578,chunky,0,0
579,clamor,0,0
580,clamorous,0,0
581,clash,0,0
582,cliche,0,0
583,cliched,0,0
584,clique,0,0
585,clog,0,0
586,clogged,0,0
587,clogs,0,0
588,cloud,0,0
589,clouding,0,0
590,cloudy,0,0
591,clueless,0,0
592,clumsy,0,0
593,clunky,0,0
594,coarse,0,0
595,cocky,0,0
596,coerce,0,0
597,coercion,0,0
598,coercive,0,0
599,cold,0,0
600,coldly,0,0
601,collapse,0,0
602,collude,0,0
603,collusion,0,0
604,combative,0,0
605,combust,0,0
606,comical,0,0
607,commiserate,0,0
608,commonplace,0,0
609,commotion,0,0
610,commotions,0,0
611,complacent,0,0
612,complain,0,0
613,complained,0,0
614,complaining,0,0
615,complains,0,0
616,complaint,0,0
617,complaints,0,0
618,complex,0,0
619,complicated,0,0
620,complication,0,0
621,complicit,0,0
622,compulsion,0,0
623,compulsive,0,0
624,concede,0,0
625,conceded,0,0
626,conceit,0,0
627,conceited,0,0
628,concen,0,0
629,concens,0,0
630,concern,0,0
631,concerned,0,0
632,concerns,0,0
633,concession,0,0
634,concessions,0,0
635,condemn,0,0
636,condemnable,0,0
637,condemnation,0,0
638,condemned,0,0
639,condemns,0,0
640,condescend,0,0
641,condescending,0,0
642,condescendingly,0,0
643,condescension,0,0
644,confess,0,0
645,confession,0,0
646,confessions,0,0
647,confined,0,0
648,conflict,0,0
649,conflicted,0,0
650,conflicting,0,0
651,conflicts,0,0
652,confound,0,0
653,confounded,0,0
654,confounding,0,0
655,confront,0,0
656,confrontation,0,0
657,confrontational,0,0
658,confuse,0,0
659,confused,0,0
660,confuses,0,0
661,confusing,0,0
662,confusion,0,0
663,confusions,0,0
664,congested,0,0
665,congestion,0,0
666,cons,0,0
667,conscons,0,0
668,conservative,0,0
669,conspicuous,0,0
670,conspicuously,0,0
671,conspiracies,0,0
672,conspiracy,0,0
673,conspirator,0,0
674,conspiratorial,0,0
675,conspire,0,0
676,consternation,0,0
677,contagious,0,0
678,contaminate,0,0
679,contaminated,0,0
680,contaminates,0,0
681,contaminating,0,0
682,contamination,0,0
683,contempt,0,0
684,contemptible,0,0
685,contemptuous,0,0
686,contemptuously,0,0
687,contend,0,0
688,contention,0,0
689,contentious,0,0
690,contort,0,0
691,contortions,0,0
692,contradict,0,0
693,contradiction,0,0
694,contradictory,0,0
695,contrariness,0,0
696,contravene,0,0
697,contrive,0,0
698,contrived,0,0
699,controversial,0,0
700,controversy,0,0
701,convoluted,0,0
702,corrode,0,0
703,corrosion,0,0
704,corrosions,0,0
705,corrosive,0,0
706,corrupt,0,0
707,corrupted,0,0
708,corrupting,0,0
709,corruption,0,0
710,corrupts,0,0
711,corruptted,0,0
712,costlier,0,0
713,costly,0,0
714,counter-productive,0,0
715,counterproductive,0,0
716,coupists,0,0
717,covetous,0,0
718,coward,0,0
719,cowardly,0,0
720,crabby,0,0
721,crack,0,0
722,cracked,0,0
723,cracks,0,0
724,craftily,0,0
725,craftly,0,0
726,crafty,0,0
727,cramp,0,0
728,cramped,0,0
729,cramping,0,0
730,cranky,0,0
731,crap,0,0
732,crappy,0,0
733,craps,0,0
734,crash,0,0
735,crashed,0,0
736,crashes,0,0
737,crashing,0,0
738,crass,0,0
739,craven,0,0
740,cravenly,0,0
741,craze,0,0
742,crazily,0,0
743,craziness,0,0
744,crazy,0,0
745,creak,0,0
746,creaking,0,0
747,creaks,0,0
748,credulous,0,0
749,creep,0,0
750,creeping,0,0
751,creeps,0,0
752,creepy,0,0
753,crept,0,0
754,crime,0,0
755,criminal,0,0
756,cringe,0,0
757,cringed,0,0
758,cringes,0,0
759,cripple,0,0
760,crippled,0,0
761,cripples,0,0
762,crippling,0,0
763,crisis,0,0
764,critic,0,0
765,critical,0,0
766,criticism,0,0
767,criticisms,0,0
768,criticize,0,0
769,criticized,0,0
770,criticizing,0,0
771,critics,0,0
772,cronyism,0,0
773,crook,0,0
774,crooked,0,0
775,crooks,0,0
776,crowded,0,0
777,crowdedness,0,0
778,crude,0,0
779,cruel,0,0
780,crueler,0,0
781,cruelest,0,0
782,cruelly,0,0
783,cruelness,0,0
784,cruelties,0,0
785,cruelty,0,0
786,crumble,0,0
787,crumbling,0,0
788,crummy,0,0
789,crumple,0,0
790,crumpled,0,0
791,crumples,0,0
792,crush,0,0
793,crushed,0,0
794,crushing,0,0
795,cry,0,0
796,culpable,0,0
797,culprit,0,0
798,cumbersome,0,0
799,cunt,0,0
800,cunts,0,0
801,cuplrit,0,0
802,curse,0,0
803,cursed,0,0
804,curses,0,0
805,curt,0,0
806,cuss,0,0
807,cussed,0,0
808,cutthroat,0,0
809,cynical,0,0
810,cynicism,0,0
811,d*mn,0,0
812,damage,0,0
813,damaged,0,0
814,damages,0,0
815,damaging,0,0
816,damn,0,0
817,damnable,0,0
818,damnably,0,0
819,damnation,0,0
820,damned,0,0
821,damning,0,0
822,damper,0,0
823,danger,0,0
824,dangerous,0,0
825,dangerousness,0,0
826,dark,0,0
827,darken,0,0
828,darkened,0,0
829,darker,0,0
830,darkness,0,0
831,dastard,0,0
832,dastardly,0,0
833,daunt,0,0
834,daunting,0,0
835,dauntingly,0,0
836,dawdle,0,0
837,daze,0,0
838,dazed,0,0
839,dead,0,0
840,deadbeat,0,0
841,deadlock,0,0
842,deadly,0,0
843,deadweight,0,0
844,deaf,0,0
845,dearth,0,0
846,death,0,0
847,debacle,0,0
848,debase,0,0
849,debasement,0,0
850,debaser,0,0
851,debatable,0,0
852,debauch,0,0
853,debaucher,0,0
854,debauchery,0,0
855,debilitate,0,0
856,debilitating,0,0
857,debility,0,0
858,debt,0,0
859,debts,0,0
860,decadence,0,0
861,decadent,0,0
862,decay,0,0
863,decayed,0,0
864,deceit,0,0
865,deceitful,0,0
866,deceitfully,0,0
867,deceitfulness,0,0
868,deceive,0,0
869,deceiver,0,0
870,deceivers,0,0
871,deceiving,0,0
872,deception,0,0
873,deceptive,0,0
874,deceptively,0,0
875,declaim,0,0
876,decline,0,0
877,declines,0,0
878,declining,0,0
879,decrement,0,0
880,decrepit,0,0
881,decrepitude,0,0
882,decry,0,0
883,defamation,0,0
884,defamations,0,0
885,defamatory,0,0
886,defame,0,0
887,defect,0,0
888,defective,0,0
889,defects,0,0
890,defensive,0,0
891,defiance,0,0
892,defiant,0,0
893,defiantly,0,0
894,deficiencies,0,0
895,deficiency,0,0
896,deficient,0,0
897,defile,0,0
898,defiler,0,0
899,deform,0,0
900,deformed,0,0
901,defrauding,0,0
902,defunct,0,0
903,defy,0,0
904,degenerate,0,0
905,degenerately,0,0
906,degeneration,0,0
907,degradation,0,0
908,degrade,0,0
909,degrading,0,0
910,degradingly,0,0
911,dehumanization,0,0
912,dehumanize,0,0
913,deign,0,0
914,deject,0,0
915,dejected,0,0
916,dejectedly,0,0
917,dejection,0,0
918,delay,0,0
919,delayed,0,0
920,delaying,0,0
921,delays,0,0
922,delinquency,0,0
923,delinquent,0,0
924,delirious,0,0
925,delirium,0,0
926,delude,0,0
927,deluded,0,0
928,deluge,0,0
929,delusion,0,0
930,delusional,0,0
931,delusions,0,0
932,demean,0,0
933,demeaning,0,0
934,demise,0,0
935,demolish,0,0
936,demolisher,0,0
937,demon,0,0
938,demonic,0,0
939,demonize,0,0
940,demonized,0,0
941,demonizes,0,0
942,demonizing,0,0
943,demoralize,0,0
944,demoralizing,0,0
945,demoralizingly,0,0
946,denial,0,0
947,denied,0,0
948,denies,0,0
949,denigrate,0,0
950,denounce,0,0
951,dense,0,0
952,dent,0,0
953,dented,0,0
954,dents,0,0
955,denunciate,0,0
956,denunciation,0,0
957,denunciations,0,0
958,deny,0,0
959,denying,0,0
960,deplete,0,0
961,deplorable,0,0
962,deplorably,0,0
963,deplore,0,0
964,deploring,0,0
965,deploringly,0,0
966,deprave,0,0
967,depraved,0,0
968,depravedly,0,0
969,deprecate,0,0
970,depress,0,0
971,depressed,0,0
972,depressing,0,0
973,depressingly,0,0
974,depression,0,0
975,depressions,0,0
976,deprive,0,0
977,deprived,0,0
978,deride,0,0
979,derision,0,0
980,derisive,0,0
981,derisively,0,0
982,derisiveness,0,0
983,derogatory,0,0
984,desecrate,0,0
985,desert,0,0
986,desertion,0,0
987,desiccate,0,0
988,desiccated,0,0
989,desititute,0,0
990,desolate,0,0
991,desolately,0,0
992,desolation,0,0
993,despair,0,0
994,despairing,0,0
995,despairingly,0,0
996,desperate,0,0
997,desperately,0,0
998,desperation,0,0
999,despicable,0,0
1000,despicably,0,0
1001,despise,0,0
1002,despised,0,0
1003,despoil,0,0
1004,despoiler,0,0
1005,despondence,0,0
1006,despondency,0,0
1007,despondent,0,0
1008,despondently,0,0
1009,despot,0,0
1010,despotic,0,0
1011,despotism,0,0
1012,destabilisation,0,0
1013,destains,0,0
1014,destitute,0,0
1015,destitution,0,0
1016,destroy,0,0
1017,destroyer,0,0
1018,destruction,0,0
1019,destructive,0,0
1020,desultory,0,0
1021,deter,0,0
1022,deteriorate,0,0
1023,deteriorating,0,0
1024,deterioration,0,0
1025,deterrent,0,0
1026,detest,0,0
1027,detestable,0,0
1028,detestably,0,0
1029,detested,0,0
1030,detesting,0,0
1031,detests,0,0
1032,detract,0,0
1033,detracted,0,0
1034,detracting,0,0
1035,detraction,0,0
1036,detracts,0,0
1037,detriment,0,0
1038,detrimental,0,0
1039,devastate,0,0
1040,devastated,0,0
1041,devastates,0,0
1042,devastating,0,0
1043,devastatingly,0,0
1044,devastation,0,0
1045,deviate,0,0
1046,deviation,0,0
1047,devil,0,0
1048,devilish,0,0
1049,devilishly,0,0
1050,devilment,0,0
1051,devilry,0,0
1052,devious,0,0
1053,deviously,0,0
1054,deviousness,0,0
1055,devoid,0,0
1056,diabolic,0,0
1057,diabolical,0,0
1058,diabolically,0,0
1059,diametrically,0,0
1060,diappointed,0,0
1061,diatribe,0,0
1062,diatribes,0,0
1063,dick,0,0
1064,dictator,0,0
1065,dictatorial,0,0
1066,die,0,0
1067,die-hard,0,0
1068,died,0,0
1069,dies,0,0
1070,difficult,0,0
1071,difficulties,0,0
1072,difficulty,0,0
1073,diffidence,0,0
1074,dilapidated,0,0
1075,dilemma,0,0
1076,dilly-dally,0,0
1077,dim,0,0
1078,dimmer,0,0
1079,din,0,0
1080,ding,0,0
1081,dings,0,0
1082,dinky,0,0
1083,dire,0,0
1084,direly,0,0
1085,direness,0,0
1086,dirt,0,0
1087,dirtbag,0,0
1088,dirtbags,0,0
1089,dirts,0,0
1090,dirty,0,0
1091,disable,0,0
1092,disabled,0,0
1093,disaccord,0,0
1094,disadvantage,0,0
1095,disadvantaged,0,0
1096,disadvantageous,0,0
1097,disadvantages,0,0
1098,disaffect,0,0
1099,disaffected,0,0
1100,disaffirm,0,0
1101,disagree,0,0
1102,disagreeable,0,0
1103,disagreeably,0,0
1104,disagreed,0,0
1105,disagreeing,0,0
1106,disagreement,0,0
1107,disagrees,0,0
1108,disallow,0,0
1109,disapointed,0,0
1110,disapointing,0,0
1111,disapointment,0,0
1112,disappoint,0,0
1113,disappointed,0,0
1114,disappointing,0,0
1115,disappointingly,0,0
1116,disappointment,0,0
1117,disappointments,0,0
1118,disappoints,0,0
1119,disapprobation,0,0
1120,disapproval,0,0
1121,disapprove,0,0
1122,disapproving,0,0
1123,disarm,0,0
1124,disarray,0,0
1125,disaster,0,0
1126,disasterous,0,0
1127,disastrous,0,0
1128,disastrously,0,0
1129,disavow,0,0
1130,disavowal,0,0
1131,disbelief,0,0
1132,disbelieve,0,0
1133,disbeliever,0,0
1134,disclaim,0,0
1135,discombobulate,0,0
1136,discomfit,0,0
1137,discomfititure,0,0
1138,discomfort,0,0
1139,discompose,0,0
1140,disconcert,0,0
1141,disconcerted,0,0
1142,disconcerting,0,0
1143,disconcertingly,0,0
1144,disconsolate,0,0
1145,disconsolately,0,0
1146,disconsolation,0,0
1147,discontent,0,0
1148,discontented,0,0
1149,discontentedly,0,0
1150,discontinued,0,0
1151,discontinuity,0,0
1152,discontinuous,0,0
1153,discord,0,0
1154,discordance,0,0
1155,discordant,0,0
1156,discountenance,0,0
1157,discourage,0,0
1158,discouragement,0,0
1159,discouraging,0,0
1160,discouragingly,0,0
1161,discourteous,0,0
1162,discourteously,0,0
1163,discoutinous,0,0
1164,discredit,0,0
1165,discrepant,0,0
1166,discriminate,0,0
1167,discrimination,0,0
1168,discriminatory,0,0
1169,disdain,0,0
1170,disdained,0,0
1171,disdainful,0,0
1172,disdainfully,0,0
1173,disfavor,0,0
1174,disgrace,0,0
1175,disgraced,0,0
1176,disgraceful,0,0
1177,disgracefully,0,0
1178,disgruntle,0,0
1179,disgruntled,0,0
1180,disgust,0,0
1181,disgusted,0,0
1182,disgustedly,0,0
1183,disgustful,0,0
1184,disgustfully,0,0
1185,disgusting,0,0
1186,disgustingly,0,0
1187,dishearten,0,0
1188,disheartening,0,0
1189,dishearteningly,0,0
1190,dishonest,0,0
1191,dishonestly,0,0
1192,dishonesty,0,0
1193,dishonor,0,0
1194,dishonorable,0,0
1195,dishonorablely,0,0
1196,disillusion,0,0
1197,disillusioned,0,0
1198,disillusionment,0,0
1199,disillusions,0,0
1200,disinclination,0,0
1201,disinclined,0,0
1202,disingenuous,0,0
1203,disingenuously,0,0
1204,disintegrate,0,0
1205,disintegrated,0,0
1206,disintegrates,0,0
1207,disintegration,0,0
1208,disinterest,0,0
1209,disinterested,0,0
1210,dislike,0,0
1211,disliked,0,0
1212,dislikes,0,0
1213,disliking,0,0
1214,dislocated,0,0
1215,disloyal,0,0
1216,disloyalty,0,0
1217,dismal,0,0
1218,dismally,0,0
1219,dismalness,0,0
1220,dismay,0,0
1221,dismayed,0,0
1222,dismaying,0,0
1223,dismayingly,0,0
1224,dismissive,0,0
1225,dismissively,0,0
1226,disobedience,0,0
1227,disobedient,0,0
1228,disobey,0,0
1229,disoobedient,0,0
1230,disorder,0,0
1231,disordered,0,0
1232,disorderly,0,0
1233,disorganized,0,0
1234,disorient,0,0
1235,disoriented,0,0
1236,disown,0,0
1237,disparage,0,0
1238,disparaging,0,0
1239,disparagingly,0,0
1240,dispensable,0,0
1241,dispirit,0,0
1242,dispirited,0,0
1243,dispiritedly,0,0
1244,dispiriting,0,0
1245,displace,0,0
1246,displaced,0,0
1247,displease,0,0
1248,displeased,0,0
1249,displeasing,0,0
1250,displeasure,0,0
1251,disproportionate,0,0
1252,disprove,0,0
1253,disputable,0,0
1254,dispute,0,0
1255,disputed,0,0
1256,disquiet,0,0
1257,disquieting,0,0
1258,disquietingly,0,0
1259,disquietude,0,0
1260,disregard,0,0
1261,disregardful,0,0
1262,disreputable,0,0
1263,disrepute,0,0
1264,disrespect,0,0
1265,disrespectable,0,0
1266,disrespectablity,0,0
1267,disrespectful,0,0
1268,disrespectfully,0,0
1269,disrespectfulness,0,0
1270,disrespecting,0,0
1271,disrupt,0,0
1272,disruption,0,0
1273,disruptive,0,0
1274,diss,0,0
1275,dissapointed,0,0
1276,dissappointed,0,0
1277,dissappointing,0,0
1278,dissatisfaction,0,0
1279,dissatisfactory,0,0
1280,dissatisfied,0,0
1281,dissatisfies,0,0
1282,dissatisfy,0,0
1283,dissatisfying,0,0
1284,dissed,0,0
1285,dissemble,0,0
1286,dissembler,0,0
1287,dissension,0,0
1288,dissent,0,0
1289,dissenter,0,0
1290,dissention,0,0
1291,disservice,0,0
1292,disses,0,0
1293,dissidence,0,0
1294,dissident,0,0
1295,dissidents,0,0
1296,dissing,0,0
1297,dissocial,0,0
1298,dissolute,0,0
1299,dissolution,0,0
1300,dissonance,0,0
1301,dissonant,0,0
1302,dissonantly,0,0
1303,dissuade,0,0
1304,dissuasive,0,0
1305,distains,0,0
1306,distaste,0,0
1307,distasteful,0,0
1308,distastefully,0,0
1309,distort,0,0
1310,distorted,0,0
1311,distortion,0,0
1312,distorts,0,0
1313,distract,0,0
1314,distracting,0,0
1315,distraction,0,0
1316,distraught,0,0
1317,distraughtly,0,0
1318,distraughtness,0,0
1319,distress,0,0
1320,distressed,0,0
1321,distressing,0,0
1322,distressingly,0,0
1323,distrust,0,0
1324,distrustful,0,0
1325,distrusting,0,0
1326,disturb,0,0
1327,disturbance,0,0
1328,disturbed,0,0
1329,disturbing,0,0
1330,disturbingly,0,0
1331,disunity,0,0
1332,disvalue,0,0
1333,divergent,0,0
1334,divisive,0,0
1335,divisively,0,0
1336,divisiveness,0,0
1337,dizzing,0,0
1338,dizzingly,0,0
1339,dizzy,0,0
1340,doddering,0,0
1341,dodgey,0,0
1342,dogged,0,0
1343,doggedly,0,0
1344,dogmatic,0,0
1345,doldrums,0,0
1346,domineer,0,0
1347,domineering,0,0
1348,donside,0,0
1349,doom,0,0
1350,doomed,0,0
1351,doomsday,0,0
1352,dope,0,0
1353,doubt,0,0
1354,doubtful,0,0
1355,doubtfully,0,0
1356,doubts,0,0
1357,douchbag,0,0
1358,douchebag,0,0
1359,douchebags,0,0
1360,downbeat,0,0
1361,downcast,0,0
1362,downer,0,0
1363,downfall,0,0
1364,downfallen,0,0
1365,downgrade,0,0
1366,downhearted,0,0
1367,downheartedly,0,0
1368,downhill,0,0
1369,downside,0,0
1370,downsides,0,0
1371,downturn,0,0
1372,downturns,0,0
1373,drab,0,0
1374,draconian,0,0
1375,draconic,0,0
1376,drag,0,0
1377,dragged,0,0
1378,dragging,0,0
1379,dragoon,0,0
1380,drags,0,0
1381,drain,0,0
1382,drained,0,0
1383,draining,0,0
1384,drains,0,0
1385,drastic,0,0
1386,drastically,0,0
1387,drawback,0,0
1388,drawbacks,0,0
1389,dread,0,0
1390,dreadful,0,0
1391,dreadfully,0,0
1392,dreadfulness,0,0
1393,dreary,0,0
1394,dripped,0,0
1395,dripping,0,0
1396,drippy,0,0
1397,drips,0,0
1398,drones,0,0
1399,droop,0,0
1400,droops,0,0
1401,drop-out,0,0
1402,drop-outs,0,0
1403,dropout,0,0
1404,dropouts,0,0
1405,drought,0,0
1406,drowning,0,0
1407,drunk,0,0
1408,drunkard,0,0
1409,drunken,0,0
1410,dubious,0,0
1411,dubiously,0,0
1412,dubitable,0,0
1413,dud,0,0
1414,dull,0,0
1415,dullard,0,0
1416,dumb,0,0
1417,dumbfound,0,0
1418,dump,0,0
1419,dumped,0,0
1420,dumping,0,0
1421,dumps,0,0
1422,dunce,0,0
1423,dungeon,0,0
1424,dungeons,0,0
1425,dupe,0,0
1426,dust,0,0
1427,dusty,0,0
1428,dwindling,0,0
1429,dying,0,0
1430,earsplitting,0,0
1431,eccentric,0,0
1432,eccentricity,0,0
1433,effigy,0,0
1434,effrontery,0,0
1435,egocentric,0,0
1436,egomania,0,0
1437,egotism,0,0
1438,egotistical,0,0
1439,egotistically,0,0
1440,egregious,0,0
1441,egregiously,0,0
1442,election-rigger,0,0
1443,elimination,0,0
1444,emaciated,0,0
1445,emasculate,0,0
1446,embarrass,0,0
1447,embarrassing,0,0
1448,embarrassingly,0,0
1449,embarrassment,0,0
1450,embattled,0,0
1451,embroil,0,0
1452,embroiled,0,0
1453,embroilment,0,0
1454,emergency,0,0
1455,emphatic,0,0
1456,emphatically,0,0
1457,emptiness,0,0
1458,encroach,0,0
1459,encroachment,0,0
1460,endanger,0,0
1461,enemies,0,0
1462,enemy,0,0
1463,enervate,0,0
1464,enfeeble,0,0
1465,enflame,0,0
1466,engulf,0,0
1467,enjoin,0,0
1468,enmity,0,0
1469,enrage,0,0
1470,enraged,0,0
1471,enraging,0,0
1472,enslave,0,0
1473,entangle,0,0
1474,entanglement,0,0
1475,entrap,0,0
1476,entrapment,0,0
1477,envious,0,0
1478,enviously,0,0
1479,enviousness,0,0
1480,epidemic,0,0
1481,equivocal,0,0
1482,erase,0,0
1483,erode,0,0
1484,erodes,0,0
1485,erosion,0,0
1486,err,0,0
1487,errant,0,0
1488,erratic,0,0
1489,erratically,0,0
1490,erroneous,0,0
1491,erroneously,0,0
1492,error,0,0
1493,errors,0,0
1494,eruptions,0,0
1495,escapade,0,0
1496,eschew,0,0
1497,estranged,0,0
1498,evade,0,0
1499,evasion,0,0
1500,evasive,0,0
1501,evil,0,0
1502,evildoer,0,0
1503,evils,0,0
1504,eviscerate,0,0
1505,exacerbate,0,0
1506,exagerate,0,0
1507,exagerated,0,0
1508,exagerates,0,0
1509,exaggerate,0,0
1510,exaggeration,0,0
1511,exasperate,0,0
1512,exasperated,0,0
1513,exasperating,0,0
1514,exasperatingly,0,0
1515,exasperation,0,0
1516,excessive,0,0
1517,excessively,0,0
1518,exclusion,0,0
1519,excoriate,0,0
1520,excruciating,0,0
1521,excruciatingly,0,0
1522,excuse,0,0
1523,excuses,0,0
1524,execrate,0,0
1525,exhaust,0,0
1526,exhausted,0,0
1527,exhaustion,0,0
1528,exhausts,0,0
1529,exhorbitant,0,0
1530,exhort,0,0
1531,exile,0,0
1532,exorbitant,0,0
1533,exorbitantance,0,0
1534,exorbitantly,0,0
1535,expel,0,0
1536,expensive,0,0
1537,expire,0,0
1538,expired,0,0
1539,explode,0,0
1540,exploit,0,0
1541,exploitation,0,0
1542,explosive,0,0
1543,expropriate,0,0
1544,expropriation,0,0
1545,expulse,0,0
1546,expunge,0,0
1547,exterminate,0,0
1548,extermination,0,0
1549,extinguish,0,0
1550,extort,0,0
1551,extortion,0,0
1552,extraneous,0,0
1553,extravagance,0,0
1554,extravagant,0,0
1555,extravagantly,0,0
1556,extremism,0,0
1557,extremist,0,0
1558,extremists,0,0
1559,eyesore,0,0
1560,f**k,0,0
1561,fabricate,0,0
1562,fabrication,0,0
1563,facetious,0,0
1564,facetiously,0,0
1565,fail,0,0
1566,failed,0,0
1567,failing,0,0
1568,fails,0,0
1569,failure,0,0
1570,failures,0,0
1571,faint,0,0
1572,fainthearted,0,0
1573,faithless,0,0
1574,fake,0,0
1575,fall,0,0
1576,fallacies,0,0
1577,fallacious,0,0
1578,fallaciously,0,0
1579,fallaciousness,0,0
1580,fallacy,0,0
1581,fallen,0,0
1582,falling,0,0
1583,fallout,0,0
1584,falls,0,0
1585,FALSE,0,0
1586,falsehood,0,0
1587,falsely,0,0
1588,falsify,0,0
1589,falter,0,0
1590,faltered,0,0
1591,famine,0,0
1592,famished,0,0
1593,fanatic,0,0
1594,fanatical,0,0
1595,fanatically,0,0
1596,fanaticism,0,0
1597,fanatics,0,0
1598,fanciful,0,0
1599,far-fetched,0,0
1600,farce,0,0
1601,farcical,0,0
1602,farcical-yet-provocative,0,0
1603,farcically,0,0
1604,farfetched,0,0
1605,fascism,0,0
1606,fascist,0,0
1607,fastidious,0,0
1608,fastidiously,0,0
1609,fastuous,0,0
1610,fat,0,0
1611,fat-cat,0,0
1612,fat-cats,0,0
1613,fatal,0,0
1614,fatalistic,0,0
1615,fatalistically,0,0
1616,fatally,0,0
1617,fatcat,0,0
1618,fatcats,0,0
1619,fateful,0,0
1620,fatefully,0,0
1621,fathomless,0,0
1622,fatigue,0,0
1623,fatigued,0,0
1624,fatique,0,0
1625,fatty,0,0
1626,fatuity,0,0
1627,fatuous,0,0
1628,fatuously,0,0
1629,fault,0,0
1630,faults,0,0
1631,faulty,0,0
1632,fawningly,0,0
1633,faze,0,0
1634,fear,0,0
1635,fearful,0,0
1636,fearfully,0,0
1637,fears,0,0
1638,fearsome,0,0
1639,feckless,0,0
1640,feeble,0,0
1641,feeblely,0,0
1642,feebleminded,0,0
1643,feign,0,0
1644,feint,0,0
1645,fell,0,0
1646,felon,0,0
1647,felonious,0,0
1648,ferociously,0,0
1649,ferocity,0,0
1650,fetid,0,0
1651,fever,0,0
1652,feverish,0,0
1653,fevers,0,0
1654,fiasco,0,0
1655,fib,0,0
1656,fibber,0,0
1657,fickle,0,0
1658,fiction,0,0
1659,fictional,0,0
1660,fictitious,0,0
1661,fidget,0,0
1662,fidgety,0,0
1663,fiend,0,0
1664,fiendish,0,0
1665,fierce,0,0
1666,figurehead,0,0
1667,filth,0,0
1668,filthy,0,0
1669,finagle,0,0
1670,finicky,0,0
1671,fissures,0,0
1672,fist,0,0
1673,flabbergast,0,0
1674,flabbergasted,0,0
1675,flagging,0,0
1676,flagrant,0,0
1677,flagrantly,0,0
1678,flair,0,0
1679,flairs,0,0
1680,flak,0,0
1681,flake,0,0
1682,flakey,0,0
1683,flakieness,0,0
1684,flaking,0,0
1685,flaky,0,0
1686,flare,0,0
1687,flares,0,0
1688,flareup,0,0
1689,flareups,0,0
1690,flat-out,0,0
1691,flaunt,0,0
1692,flaw,0,0
1693,flawed,0,0
1694,flaws,0,0
1695,flee,0,0
1696,fleed,0,0
1697,fleeing,0,0
1698,fleer,0,0
1699,flees,0,0
1700,fleeting,0,0
1701,flicering,0,0
1702,flicker,0,0
1703,flickering,0,0
1704,flickers,0,0
1705,flighty,0,0
1706,flimflam,0,0
1707,flimsy,0,0
1708,flirt,0,0
1709,flirty,0,0
1710,floored,0,0
1711,flounder,0,0
1712,floundering,0,0
1713,flout,0,0
1714,fluster,0,0
1715,foe,0,0
1716,fool,0,0
1717,fooled,0,0
1718,foolhardy,0,0
1719,foolish,0,0
1720,foolishly,0,0
1721,foolishness,0,0
1722,forbid,0,0
1723,forbidden,0,0
1724,forbidding,0,0
1725,forceful,0,0
1726,foreboding,0,0
1727,forebodingly,0,0
1728,forfeit,0,0
1729,forged,0,0
1730,forgetful,0,0
1731,forgetfully,0,0
1732,forgetfulness,0,0
1733,forlorn,0,0
1734,forlornly,0,0
1735,forsake,0,0
1736,forsaken,0,0
1737,forswear,0,0
1738,foul,0,0
1739,foully,0,0
1740,foulness,0,0
1741,fractious,0,0
1742,fractiously,0,0
1743,fracture,0,0
1744,fragile,0,0
1745,fragmented,0,0
1746,frail,0,0
1747,frantic,0,0
1748,frantically,0,0
1749,franticly,0,0
1750,fraud,0,0
1751,fraudulent,0,0
1752,fraught,0,0
1753,frazzle,0,0
1754,frazzled,0,0
1755,freak,0,0
1756,freaking,0,0
1757,freakish,0,0
1758,freakishly,0,0
1759,freaks,0,0
1760,freeze,0,0
1761,freezes,0,0
1762,freezing,0,0
1763,frenetic,0,0
1764,frenetically,0,0
1765,frenzied,0,0
1766,frenzy,0,0
1767,fret,0,0
1768,fretful,0,0
1769,frets,0,0
1770,friction,0,0
1771,frictions,0,0
1772,fried,0,0
1773,friggin,0,0
1774,frigging,0,0
1775,fright,0,0
1776,frighten,0,0
1777,frightening,0,0
1778,frighteningly,0,0
1779,frightful,0,0
1780,frightfully,0,0
1781,frigid,0,0
1782,frost,0,0
1783,frown,0,0
1784,froze,0,0
1785,frozen,0,0
1786,fruitless,0,0
1787,fruitlessly,0,0
1788,frustrate,0,0
1789,frustrated,0,0
1790,frustrates,0,0
1791,frustrating,0,0
1792,frustratingly,0,0
1793,frustration,0,0
1794,frustrations,0,0
1795,fuck,0,0
1796,fucking,0,0
1797,fudge,0,0
1798,fugitive,0,0
1799,full-blown,0,0
1800,fulminate,0,0
1801,fumble,0,0
1802,fume,0,0
1803,fumes,0,0
1804,fundamentalism,0,0
1805,funky,0,0
1806,funnily,0,0
1807,funny,0,0
1808,furious,0,0
1809,furiously,0,0
1810,furor,0,0
1811,fury,0,0
1812,fuss,0,0
1813,fussy,0,0
1814,fustigate,0,0
1815,fusty,0,0
1816,futile,0,0
1817,futilely,0,0
1818,futility,0,0
1819,fuzzy,0,0
1820,gabble,0,0
1821,gaff,0,0
1822,gaffe,0,0
1823,gainsay,0,0
1824,gainsayer,0,0
1825,gall,0,0
1826,galling,0,0
1827,gallingly,0,0
1828,galls,0,0
1829,gangster,0,0
1830,gape,0,0
1831,garbage,0,0
1832,garish,0,0
1833,gasp,0,0
1834,gauche,0,0
1835,gaudy,0,0
1836,gawk,0,0
1837,gawky,0,0
1838,geezer,0,0
1839,genocide,0,0
1840,get-rich,0,0
1841,ghastly,0,0
1842,ghetto,0,0
1843,ghosting,0,0
1844,gibber,0,0
1845,gibberish,0,0
1846,gibe,0,0
1847,giddy,0,0
1848,gimmick,0,0
1849,gimmicked,0,0
1850,gimmicking,0,0
1851,gimmicks,0,0
1852,gimmicky,0,0
1853,glare,0,0
1854,glaringly,0,0
1855,glib,0,0
1856,glibly,0,0
1857,glitch,0,0
1858,glitches,0,0
1859,gloatingly,0,0
1860,gloom,0,0
1861,gloomy,0,0
1862,glower,0,0
1863,glum,0,0
1864,glut,0,0
1865,gnawing,0,0
1866,goad,0,0
1867,goading,0,0
1868,god-awful,0,0
1869,goof,0,0
1870,goofy,0,0
1871,goon,0,0
1872,gossip,0,0
1873,graceless,0,0
1874,gracelessly,0,0
1875,graft,0,0
1876,grainy,0,0
1877,grapple,0,0
1878,grate,0,0
1879,grating,0,0
1880,gravely,0,0
1881,greasy,0,0
1882,greed,0,0
1883,greedy,0,0
1884,grief,0,0
1885,grievance,0,0
1886,grievances,0,0
1887,grieve,0,0
1888,grieving,0,0
1889,grievous,0,0
1890,grievously,0,0
1891,grim,0,0
1892,grimace,0,0
1893,grind,0,0
1894,gripe,0,0
1895,gripes,0,0
1896,grisly,0,0
1897,gritty,0,0
1898,gross,0,0
1899,grossly,0,0
1900,grotesque,0,0
1901,grouch,0,0
1902,grouchy,0,0
1903,groundless,0,0
1904,grouse,0,0
1905,growl,0,0
1906,grudge,0,0
1907,grudges,0,0
1908,grudging,0,0
1909,grudgingly,0,0
1910,gruesome,0,0
1911,gruesomely,0,0
1912,gruff,0,0
1913,grumble,0,0
1914,grumpier,0,0
1915,grumpiest,0,0
1916,grumpily,0,0
1917,grumpish,0,0
1918,grumpy,0,0
1919,guile,0,0
1920,guilt,0,0
1921,guiltily,0,0
1922,guilty,0,0
1923,gullible,0,0
1924,gutless,0,0
1925,gutter,0,0
1926,hack,0,0
1927,hacks,0,0
1928,haggard,0,0
1929,haggle,0,0
1930,hairloss,0,0
1931,halfhearted,0,0
1932,halfheartedly,0,0
1933,hallucinate,0,0
1934,hallucination,0,0
1935,hamper,0,0
1936,hampered,0,0
1937,handicapped,0,0
1938,hang,0,0
1939,hangs,0,0
1940,haphazard,0,0
1941,hapless,0,0
1942,harangue,0,0
1943,harass,0,0
1944,harassed,0,0
1945,harasses,0,0
1946,harassment,0,0
1947,harboring,0,0
1948,harbors,0,0
1949,hard,0,0
1950,hard-hit,0,0
1951,hard-line,0,0
1952,hard-liner,0,0
1953,hardball,0,0
1954,harden,0,0
1955,hardened,0,0
1956,hardheaded,0,0
1957,hardhearted,0,0
1958,hardliner,0,0
1959,hardliners,0,0
1960,hardship,0,0
1961,hardships,0,0
1962,harm,0,0
1963,harmed,0,0
1964,harmful,0,0
1965,harms,0,0
1966,harpy,0,0
1967,harridan,0,0
1968,harried,0,0
1969,harrow,0,0
1970,harsh,0,0
1971,harshly,0,0
1972,hasseling,0,0
1973,hassle,0,0
1974,hassled,0,0
1975,hassles,0,0
1976,haste,0,0
1977,hastily,0,0
1978,hasty,0,0
1979,hate,0,0
1980,hated,0,0
1981,hateful,0,0
1982,hatefully,0,0
1983,hatefulness,0,0
1984,hater,0,0
1985,haters,0,0
1986,hates,0,0
1987,hating,0,0
1988,hatred,0,0
1989,haughtily,0,0
1990,haughty,0,0
1991,haunt,0,0
1992,haunting,0,0
1993,havoc,0,0
1994,hawkish,0,0
1995,haywire,0,0
1996,hazard,0,0
1997,hazardous,0,0
1998,haze,0,0
1999,hazy,0,0
2000,head-aches,0,0
2001,headache,0,0
2002,headaches,0,0
2003,heartbreaker,0,0
2004,heartbreaking,0,0
2005,heartbreakingly,0,0
2006,heartless,0,0
2007,heathen,0,0
2008,heavy-handed,0,0
2009,heavyhearted,0,0
2010,heck,0,0
2011,heckle,0,0
2012,heckled,0,0
2013,heckles,0,0
2014,hectic,0,0
2015,hedge,0,0
2016,hedonistic,0,0
2017,heedless,0,0
2018,hefty,0,0
2019,hegemonism,0,0
2020,hegemonistic,0,0
2021,hegemony,0,0
2022,heinous,0,0
2023,hell,0,0
2024,hell-bent,0,0
2025,hellion,0,0
2026,hells,0,0
2027,helpless,0,0
2028,helplessly,0,0
2029,helplessness,0,0
2030,heresy,0,0
2031,heretic,0,0
2032,heretical,0,0
2033,hesitant,0,0
2034,hestitant,0,0
2035,hideous,0,0
2036,hideously,0,0
2037,hideousness,0,0
2038,high-priced,0,0
2039,hiliarious,0,0
2040,hinder,0,0
2041,hindrance,0,0
2042,hiss,0,0
2043,hissed,0,0
2044,hissing,0,0
2045,ho-hum,0,0
2046,hoard,0,0
2047,hoax,0,0
2048,hobble,0,0
2049,hogs,0,0
2050,hollow,0,0
2051,hoodium,0,0
2052,hoodwink,0,0
2053,hooligan,0,0
2054,hopeless,0,0
2055,hopelessly,0,0
2056,hopelessness,0,0
2057,horde,0,0
2058,horrendous,0,0
2059,horrendously,0,0
2060,horrible,0,0
2061,horrid,0,0
2062,horrific,0,0
2063,horrified,0,0
2064,horrifies,0,0
2065,horrify,0,0
2066,horrifying,0,0
2067,horrifys,0,0
2068,hostage,0,0
2069,hostile,0,0
2070,hostilities,0,0
2071,hostility,0,0
2072,hotbeds,0,0
2073,hothead,0,0
2074,hotheaded,0,0
2075,hothouse,0,0
2076,hubris,0,0
2077,huckster,0,0
2078,hum,0,0
2079,humid,0,0
2080,humiliate,0,0
2081,humiliating,0,0
2082,humiliation,0,0
2083,humming,0,0
2084,hung,0,0
2085,hurt,0,0
2086,hurted,0,0
2087,hurtful,0,0
2088,hurting,0,0
2089,hurts,0,0
2090,hustler,0,0
2091,hype,0,0
2092,hypocricy,0,0
2093,hypocrisy,0,0
2094,hypocrite,0,0
2095,hypocrites,0,0
2096,hypocritical,0,0
2097,hypocritically,0,0
2098,hysteria,0,0
2099,hysteric,0,0
2100,hysterical,0,0
2101,hysterically,0,0
2102,hysterics,0,0
2103,idiocies,0,0
2104,idiocy,0,0
2105,idiot,0,0
2106,idiotic,0,0
2107,idiotically,0,0
2108,idiots,0,0
2109,idle,0,0
2110,ignoble,0,0
2111,ignominious,0,0
2112,ignominiously,0,0
2113,ignominy,0,0
2114,ignorance,0,0
2115,ignorant,0,0
2116,ignore,0,0
2117,ill-advised,0,0
2118,ill-conceived,0,0
2119,ill-defined,0,0
2120,ill-designed,0,0
2121,ill-fated,0,0
2122,ill-favored,0,0
2123,ill-formed,0,0
2124,ill-mannered,0,0
2125,ill-natured,0,0
2126,ill-sorted,0,0
2127,ill-tempered,0,0
2128,ill-treated,0,0
2129,ill-treatment,0,0
2130,ill-usage,0,0
2131,ill-used,0,0
2132,illegal,0,0
2133,illegally,0,0
2134,illegitimate,0,0
2135,illicit,0,0
2136,illiterate,0,0
2137,illness,0,0
2138,illogic,0,0
2139,illogical,0,0
2140,illogically,0,0
2141,illusion,0,0
2142,illusions,0,0
2143,illusory,0,0
2144,imaginary,0,0
2145,imbalance,0,0
2146,imbecile,0,0
2147,imbroglio,0,0
2148,immaterial,0,0
2149,immature,0,0
2150,imminence,0,0
2151,imminently,0,0
2152,immobilized,0,0
2153,immoderate,0,0
2154,immoderately,0,0
2155,immodest,0,0
2156,immoral,0,0
2157,immorality,0,0
2158,immorally,0,0
2159,immovable,0,0
2160,impair,0,0
2161,impaired,0,0
2162,impasse,0,0
2163,impatience,0,0
2164,impatient,0,0
2165,impatiently,0,0
2166,impeach,0,0
2167,impedance,0,0
2168,impede,0,0
2169,impediment,0,0
2170,impending,0,0
2171,impenitent,0,0
2172,imperfect,0,0
2173,imperfection,0,0
2174,imperfections,0,0
2175,imperfectly,0,0
2176,imperialist,0,0
2177,imperil,0,0
2178,imperious,0,0
2179,imperiously,0,0
2180,impermissible,0,0
2181,impersonal,0,0
2182,impertinent,0,0
2183,impetuous,0,0
2184,impetuously,0,0
2185,impiety,0,0
2186,impinge,0,0
2187,impious,0,0
2188,implacable,0,0
2189,implausible,0,0
2190,implausibly,0,0
2191,implicate,0,0
2192,implication,0,0
2193,implode,0,0
2194,impolite,0,0
2195,impolitely,0,0
2196,impolitic,0,0
2197,importunate,0,0
2198,importune,0,0
2199,impose,0,0
2200,imposers,0,0
2201,imposing,0,0
2202,imposition,0,0
2203,impossible,0,0
2204,impossiblity,0,0
2205,impossibly,0,0
2206,impotent,0,0
2207,impoverish,0,0
2208,impoverished,0,0
2209,impractical,0,0
2210,imprecate,0,0
2211,imprecise,0,0
2212,imprecisely,0,0
2213,imprecision,0,0
2214,imprison,0,0
2215,imprisonment,0,0
2216,improbability,0,0
2217,improbable,0,0
2218,improbably,0,0
2219,improper,0,0
2220,improperly,0,0
2221,impropriety,0,0
2222,imprudence,0,0
2223,imprudent,0,0
2224,impudence,0,0
2225,impudent,0,0
2226,impudently,0,0
2227,impugn,0,0
2228,impulsive,0,0
2229,impulsively,0,0
2230,impunity,0,0
2231,impure,0,0
2232,impurity,0,0
2233,inability,0,0
2234,inaccuracies,0,0
2235,inaccuracy,0,0
2236,inaccurate,0,0
2237,inaccurately,0,0
2238,inaction,0,0
2239,inactive,0,0
2240,inadequacy,0,0
2241,inadequate,0,0
2242,inadequately,0,0
2243,inadverent,0,0
2244,inadverently,0,0
2245,inadvisable,0,0
2246,inadvisably,0,0
2247,inane,0,0
2248,inanely,0,0
2249,inappropriate,0,0
2250,inappropriately,0,0
2251,inapt,0,0
2252,inaptitude,0,0
2253,inarticulate,0,0
2254,inattentive,0,0
2255,inaudible,0,0
2256,incapable,0,0
2257,incapably,0,0
2258,incautious,0,0
2259,incendiary,0,0
2260,incense,0,0
2261,incessant,0,0
2262,incessantly,0,0
2263,incite,0,0
2264,incitement,0,0
2265,incivility,0,0
2266,inclement,0,0
2267,incognizant,0,0
2268,incoherence,0,0
2269,incoherent,0,0
2270,incoherently,0,0
2271,incommensurate,0,0
2272,incomparable,0,0
2273,incomparably,0,0
2274,incompatability,0,0
2275,incompatibility,0,0
2276,incompatible,0,0
2277,incompetence,0,0
2278,incompetent,0,0
2279,incompetently,0,0
2280,incomplete,0,0
2281,incompliant,0,0
2282,incomprehensible,0,0
2283,incomprehension,0,0
2284,inconceivable,0,0
2285,inconceivably,0,0
2286,incongruous,0,0
2287,incongruously,0,0
2288,inconsequent,0,0
2289,inconsequential,0,0
2290,inconsequentially,0,0
2291,inconsequently,0,0
2292,inconsiderate,0,0
2293,inconsiderately,0,0
2294,inconsistence,0,0
2295,inconsistencies,0,0
2296,inconsistency,0,0
2297,inconsistent,0,0
2298,inconsolable,0,0
2299,inconsolably,0,0
2300,inconstant,0,0
2301,inconvenience,0,0
2302,inconveniently,0,0
2303,incorrect,0,0
2304,incorrectly,0,0
2305,incorrigible,0,0
2306,incorrigibly,0,0
2307,incredulous,0,0
2308,incredulously,0,0
2309,inculcate,0,0
2310,indecency,0,0
2311,indecent,0,0
2312,indecently,0,0
2313,indecision,0,0
2314,indecisive,0,0
2315,indecisively,0,0
2316,indecorum,0,0
2317,indefensible,0,0
2318,indelicate,0,0
2319,indeterminable,0,0
2320,indeterminably,0,0
2321,indeterminate,0,0
2322,indifference,0,0
2323,indifferent,0,0
2324,indigent,0,0
2325,indignant,0,0
2326,indignantly,0,0
2327,indignation,0,0
2328,indignity,0,0
2329,indiscernible,0,0
2330,indiscreet,0,0
2331,indiscreetly,0,0
2332,indiscretion,0,0
2333,indiscriminate,0,0
2334,indiscriminately,0,0
2335,indiscriminating,0,0
2336,indistinguishable,0,0
2337,indoctrinate,0,0
2338,indoctrination,0,0
2339,indolent,0,0
2340,indulge,0,0
2341,ineffective,0,0
2342,ineffectively,0,0
2343,ineffectiveness,0,0
2344,ineffectual,0,0
2345,ineffectually,0,0
2346,ineffectualness,0,0
2347,inefficacious,0,0
2348,inefficacy,0,0
2349,inefficiency,0,0
2350,inefficient,0,0
2351,inefficiently,0,0
2352,inelegance,0,0
2353,inelegant,0,0
2354,ineligible,0,0
2355,ineloquent,0,0
2356,ineloquently,0,0
2357,inept,0,0
2358,ineptitude,0,0
2359,ineptly,0,0
2360,inequalities,0,0
2361,inequality,0,0
2362,inequitable,0,0
2363,inequitably,0,0
2364,inequities,0,0
2365,inescapable,0,0
2366,inescapably,0,0
2367,inessential,0,0
2368,inevitable,0,0
2369,inevitably,0,0
2370,inexcusable,0,0
2371,inexcusably,0,0
2372,inexorable,0,0
2373,inexorably,0,0
2374,inexperience,0,0
2375,inexperienced,0,0
2376,inexpert,0,0
2377,inexpertly,0,0
2378,inexpiable,0,0
2379,inexplainable,0,0
2380,inextricable,0,0
2381,inextricably,0,0
2382,infamous,0,0
2383,infamously,0,0
2384,infamy,0,0
2385,infected,0,0
2386,infection,0,0
2387,infections,0,0
2388,inferior,0,0
2389,inferiority,0,0
2390,infernal,0,0
2391,infest,0,0
2392,infested,0,0
2393,infidel,0,0
2394,infidels,0,0
2395,infiltrator,0,0
2396,infiltrators,0,0
2397,infirm,0,0
2398,inflame,0,0
2399,inflammation,0,0
2400,inflammatory,0,0
2401,inflammed,0,0
2402,inflated,0,0
2403,inflationary,0,0
2404,inflexible,0,0
2405,inflict,0,0
2406,infraction,0,0
2407,infringe,0,0
2408,infringement,0,0
2409,infringements,0,0
2410,infuriate,0,0
2411,infuriated,0,0
2412,infuriating,0,0
2413,infuriatingly,0,0
2414,inglorious,0,0
2415,ingrate,0,0
2416,ingratitude,0,0
2417,inhibit,0,0
2418,inhibition,0,0
2419,inhospitable,0,0
2420,inhospitality,0,0
2421,inhuman,0,0
2422,inhumane,0,0
2423,inhumanity,0,0
2424,inimical,0,0
2425,inimically,0,0
2426,iniquitous,0,0
2427,iniquity,0,0
2428,injudicious,0,0
2429,injure,0,0
2430,injurious,0,0
2431,injury,0,0
2432,injustice,0,0
2433,injustices,0,0
2434,innuendo,0,0
2435,inoperable,0,0
2436,inopportune,0,0
2437,inordinate,0,0
2438,inordinately,0,0
2439,insane,0,0
2440,insanely,0,0
2441,insanity,0,0
2442,insatiable,0,0
2443,insecure,0,0
2444,insecurity,0,0
2445,insensible,0,0
2446,insensitive,0,0
2447,insensitively,0,0
2448,insensitivity,0,0
2449,insidious,0,0
2450,insidiously,0,0
2451,insignificance,0,0
2452,insignificant,0,0
2453,insignificantly,0,0
2454,insincere,0,0
2455,insincerely,0,0
2456,insincerity,0,0
2457,insinuate,0,0
2458,insinuating,0,0
2459,insinuation,0,0
2460,insociable,0,0
2461,insolence,0,0
2462,insolent,0,0
2463,insolently,0,0
2464,insolvent,0,0
2465,insouciance,0,0
2466,instability,0,0
2467,instable,0,0
2468,instigate,0,0
2469,instigator,0,0
2470,instigators,0,0
2471,insubordinate,0,0
2472,insubstantial,0,0
2473,insubstantially,0,0
2474,insufferable,0,0
2475,insufferably,0,0
2476,insufficiency,0,0
2477,insufficient,0,0
2478,insufficiently,0,0
2479,insular,0,0
2480,insult,0,0
2481,insulted,0,0
2482,insulting,0,0
2483,insultingly,0,0
2484,insults,0,0
2485,insupportable,0,0
2486,insupportably,0,0
2487,insurmountable,0,0
2488,insurmountably,0,0
2489,insurrection,0,0
2490,intefere,0,0
2491,inteferes,0,0
2492,intense,0,0
2493,interfere,0,0
2494,interference,0,0
2495,interferes,0,0
2496,intermittent,0,0
2497,interrupt,0,0
2498,interruption,0,0
2499,interruptions,0,0
2500,intimidate,0,0
2501,intimidating,0,0
2502,intimidatingly,0,0
2503,intimidation,0,0
2504,intolerable,0,0
2505,intolerablely,0,0
2506,intolerance,0,0
2507,intoxicate,0,0
2508,intractable,0,0
2509,intransigence,0,0
2510,intransigent,0,0
2511,intrude,0,0
2512,intrusion,0,0
2513,intrusive,0,0
2514,inundate,0,0
2515,inundated,0,0
2516,invader,0,0
2517,invalid,0,0
2518,invalidate,0,0
2519,invalidity,0,0
2520,invasive,0,0
2521,invective,0,0
2522,inveigle,0,0
2523,invidious,0,0
2524,invidiously,0,0
2525,invidiousness,0,0
2526,invisible,0,0
2527,involuntarily,0,0
2528,involuntary,0,0
2529,irascible,0,0
2530,irate,0,0
2531,irately,0,0
2532,ire,0,0
2533,irk,0,0
2534,irked,0,0
2535,irking,0,0
2536,irks,0,0
2537,irksome,0,0
2538,irksomely,0,0
2539,irksomeness,0,0
2540,irksomenesses,0,0
2541,ironic,0,0
2542,ironical,0,0
2543,ironically,0,0
2544,ironies,0,0
2545,irony,0,0
2546,irragularity,0,0
2547,irrational,0,0
2548,irrationalities,0,0
2549,irrationality,0,0
2550,irrationally,0,0
2551,irrationals,0,0
2552,irreconcilable,0,0
2553,irrecoverable,0,0
2554,irrecoverableness,0,0
2555,irrecoverablenesses,0,0
2556,irrecoverably,0,0
2557,irredeemable,0,0
2558,irredeemably,0,0
2559,irreformable,0,0
2560,irregular,0,0
2561,irregularity,0,0
2562,irrelevance,0,0
2563,irrelevant,0,0
2564,irreparable,0,0
2565,irreplacible,0,0
2566,irrepressible,0,0
2567,irresolute,0,0
2568,irresolvable,0,0
2569,irresponsible,0,0
2570,irresponsibly,0,0
2571,irretating,0,0
2572,irretrievable,0,0
2573,irreversible,0,0
2574,irritable,0,0
2575,irritably,0,0
2576,irritant,0,0
2577,irritate,0,0
2578,irritated,0,0
2579,irritating,0,0
2580,irritation,0,0
2581,irritations,0,0
2582,isolate,0,0
2583,isolated,0,0
2584,isolation,0,0
2585,issue,0,0
2586,issues,0,0
2587,itch,0,0
2588,itching,0,0
2589,itchy,0,0
2590,jabber,0,0
2591,jaded,0,0
2592,jagged,0,0
2593,jam,0,0
2594,jarring,0,0
2595,jaundiced,0,0
2596,jealous,0,0
2597,jealously,0,0
2598,jealousness,0,0
2599,jealousy,0,0
2600,jeer,0,0
2601,jeering,0,0
2602,jeeringly,0,0
2603,jeers,0,0
2604,jeopardize,0,0
2605,jeopardy,0,0
2606,jerk,0,0
2607,jerky,0,0
2608,jitter,0,0
2609,jitters,0,0
2610,jittery,0,0
2611,job-killing,0,0
2612,jobless,0,0
2613,joke,0,0
2614,joker,0,0
2615,jolt,0,0
2616,judder,0,0
2617,juddering,0,0
2618,judders,0,0
2619,jumpy,0,0
2620,junk,0,0
2621,junky,0,0
2622,junkyard,0,0
2623,jutter,0,0
2624,jutters,0,0
2625,kaput,0,0
2626,kill,0,0
2627,killed,0,0
2628,killer,0,0
2629,killing,0,0
2630,killjoy,0,0
2631,kills,0,0
2632,knave,0,0
2633,knife,0,0
2634,knock,0,0
2635,knotted,0,0
2636,kook,0,0
2637,kooky,0,0
2638,lack,0,0
2639,lackadaisical,0,0
2640,lacked,0,0
2641,lackey,0,0
2642,lackeys,0,0
2643,lacking,0,0
2644,lackluster,0,0
2645,lacks,0,0
2646,laconic,0,0
2647,lag,0,0
2648,lagged,0,0
2649,lagging,0,0
2650,laggy,0,0
2651,lags,0,0
2652,laid-off,0,0
2653,lambast,0,0
2654,lambaste,0,0
2655,lame,0,0
2656,lame-duck,0,0
2657,lament,0,0
2658,lamentable,0,0
2659,lamentably,0,0
2660,languid,0,0
2661,languish,0,0
2662,languor,0,0
2663,languorous,0,0
2664,languorously,0,0
2665,lanky,0,0
2666,lapse,0,0
2667,lapsed,0,0
2668,lapses,0,0
2669,lascivious,0,0
2670,last-ditch,0,0
2671,latency,0,0
2672,laughable,0,0
2673,laughably,0,0
2674,laughingstock,0,0
2675,lawbreaker,0,0
2676,lawbreaking,0,0
2677,lawless,0,0
2678,lawlessness,0,0
2679,layoff,0,0
2680,layoff-happy,0,0
2681,lazy,0,0
2682,leak,0,0
2683,leakage,0,0
2684,leakages,0,0
2685,leaking,0,0
2686,leaks,0,0
2687,leaky,0,0
2688,lech,0,0
2689,lecher,0,0
2690,lecherous,0,0
2691,lechery,0,0
2692,leech,0,0
2693,leer,0,0
2694,leery,0,0
2695,left-leaning,0,0
2696,lemon,0,0
2697,lengthy,0,0
2698,less-developed,0,0
2699,lesser-known,0,0
2700,letch,0,0
2701,lethal,0,0
2702,lethargic,0,0
2703,lethargy,0,0
2704,lewd,0,0
2705,lewdly,0,0
2706,lewdness,0,0
2707,liability,0,0
2708,liable,0,0
2709,liar,0,0
2710,liars,0,0
2711,licentious,0,0
2712,licentiously,0,0
2713,licentiousness,0,0
2714,lie,0,0
2715,lied,0,0
2716,lier,0,0
2717,lies,0,0
2718,life-threatening,0,0
2719,lifeless,0,0
2720,limit,0,0
2721,limitation,0,0
2722,limitations,0,0
2723,limited,0,0
2724,limits,0,0
2725,limp,0,0
2726,listless,0,0
2727,litigious,0,0
2728,little-known,0,0
2729,livid,0,0
2730,lividly,0,0
2731,loath,0,0
2732,loathe,0,0
2733,loathing,0,0
2734,loathly,0,0
2735,loathsome,0,0
2736,loathsomely,0,0
2737,lone,0,0
2738,loneliness,0,0
2739,lonely,0,0
2740,loner,0,0
2741,lonesome,0,0
2742,long-time,0,0
2743,long-winded,0,0
2744,longing,0,0
2745,longingly,0,0
2746,loophole,0,0
2747,loopholes,0,0
2748,loose,0,0
2749,loot,0,0
2750,lorn,0,0
2751,lose,0,0
2752,loser,0,0
2753,losers,0,0
2754,loses,0,0
2755,losing,0,0
2756,loss,0,0
2757,losses,0,0
2758,lost,0,0
2759,loud,0,0
2760,louder,0,0
2761,lousy,0,0
2762,loveless,0,0
2763,lovelorn,0,0
2764,low-rated,0,0
2765,lowly,0,0
2766,ludicrous,0,0
2767,ludicrously,0,0
2768,lugubrious,0,0
2769,lukewarm,0,0
2770,lull,0,0
2771,lumpy,0,0
2772,lunatic,0,0
2773,lunaticism,0,0
2774,lurch,0,0
2775,lure,0,0
2776,lurid,0,0
2777,lurk,0,0
2778,lurking,0,0
2779,lying,0,0
2780,macabre,0,0
2781,mad,0,0
2782,madden,0,0
2783,maddening,0,0
2784,maddeningly,0,0
2785,madder,0,0
2786,madly,0,0
2787,madman,0,0
2788,madness,0,0
2789,maladjusted,0,0
2790,maladjustment,0,0
2791,malady,0,0
2792,malaise,0,0
2793,malcontent,0,0
2794,malcontented,0,0
2795,maledict,0,0
2796,malevolence,0,0
2797,malevolent,0,0
2798,malevolently,0,0
2799,malice,0,0
2800,malicious,0,0
2801,maliciously,0,0
2802,maliciousness,0,0
2803,malign,0,0
2804,malignant,0,0
2805,malodorous,0,0
2806,maltreatment,0,0
2807,mangle,0,0
2808,mangled,0,0
2809,mangles,0,0
2810,mangling,0,0
2811,mania,0,0
2812,maniac,0,0
2813,maniacal,0,0
2814,manic,0,0
2815,manipulate,0,0
2816,manipulation,0,0
2817,manipulative,0,0
2818,manipulators,0,0
2819,mar,0,0
2820,marginal,0,0
2821,marginally,0,0
2822,martyrdom,0,0
2823,martyrdom-seeking,0,0
2824,mashed,0,0
2825,massacre,0,0
2826,massacres,0,0
2827,matte,0,0
2828,mawkish,0,0
2829,mawkishly,0,0
2830,mawkishness,0,0
2831,meager,0,0
2832,meaningless,0,0
2833,meanness,0,0
2834,measly,0,0
2835,meddle,0,0
2836,meddlesome,0,0
2837,mediocre,0,0
2838,mediocrity,0,0
2839,melancholy,0,0
2840,melodramatic,0,0
2841,melodramatically,0,0
2842,meltdown,0,0
2843,menace,0,0
2844,menacing,0,0
2845,menacingly,0,0
2846,mendacious,0,0
2847,mendacity,0,0
2848,menial,0,0
2849,merciless,0,0
2850,mercilessly,0,0
2851,mess,0,0
2852,messed,0,0
2853,messes,0,0
2854,messing,0,0
2855,messy,0,0
2856,midget,0,0
2857,miff,0,0
2858,militancy,0,0
2859,mindless,0,0
2860,mindlessly,0,0
2861,mirage,0,0
2862,mire,0,0
2863,misalign,0,0
2864,misaligned,0,0
2865,misaligns,0,0
2866,misapprehend,0,0
2867,misbecome,0,0
2868,misbecoming,0,0
2869,misbegotten,0,0
2870,misbehave,0,0
2871,misbehavior,0,0
2872,miscalculate,0,0
2873,miscalculation,0,0
2874,miscellaneous,0,0
2875,mischief,0,0
2876,mischievous,0,0
2877,mischievously,0,0
2878,misconception,0,0
2879,misconceptions,0,0
2880,miscreant,0,0
2881,miscreants,0,0
2882,misdirection,0,0
2883,miser,0,0
2884,miserable,0,0
2885,miserableness,0,0
2886,miserably,0,0
2887,miseries,0,0
2888,miserly,0,0
2889,misery,0,0
2890,misfit,0,0
2891,misfortune,0,0
2892,misgiving,0,0
2893,misgivings,0,0
2894,misguidance,0,0
2895,misguide,0,0
2896,misguided,0,0
2897,mishandle,0,0
2898,mishap,0,0
2899,misinform,0,0
2900,misinformed,0,0
2901,misinterpret,0,0
2902,misjudge,0,0
2903,misjudgment,0,0
2904,mislead,0,0
2905,misleading,0,0
2906,misleadingly,0,0
2907,mislike,0,0
2908,mismanage,0,0
2909,mispronounce,0,0
2910,mispronounced,0,0
2911,mispronounces,0,0
2912,misread,0,0
2913,misreading,0,0
2914,misrepresent,0,0
2915,misrepresentation,0,0
2916,miss,0,0
2917,missed,0,0
2918,misses,0,0
2919,misstatement,0,0
2920,mist,0,0
2921,mistake,0,0
2922,mistaken,0,0
2923,mistakenly,0,0
2924,mistakes,0,0
2925,mistified,0,0
2926,mistress,0,0
2927,mistrust,0,0
2928,mistrustful,0,0
2929,mistrustfully,0,0
2930,mists,0,0
2931,misunderstand,0,0
2932,misunderstanding,0,0
2933,misunderstandings,0,0
2934,misunderstood,0,0
2935,misuse,0,0
2936,moan,0,0
2937,mobster,0,0
2938,mock,0,0
2939,mocked,0,0
2940,mockeries,0,0
2941,mockery,0,0
2942,mocking,0,0
2943,mockingly,0,0
2944,mocks,0,0
2945,molest,0,0
2946,molestation,0,0
2947,monotonous,0,0
2948,monotony,0,0
2949,monster,0,0
2950,monstrosities,0,0
2951,monstrosity,0,0
2952,monstrous,0,0
2953,monstrously,0,0
2954,moody,0,0
2955,moot,0,0
2956,mope,0,0
2957,morbid,0,0
2958,morbidly,0,0
2959,mordant,0,0
2960,mordantly,0,0
2961,moribund,0,0
2962,moron,0,0
2963,moronic,0,0
2964,morons,0,0
2965,mortification,0,0
2966,mortified,0,0
2967,mortify,0,0
2968,mortifying,0,0
2969,motionless,0,0
2970,motley,0,0
2971,mourn,0,0
2972,mourner,0,0
2973,mournful,0,0
2974,mournfully,0,0
2975,muddle,0,0
2976,muddy,0,0
2977,mudslinger,0,0
2978,mudslinging,0,0
2979,mulish,0,0
2980,multi-polarization,0,0
2981,mundane,0,0
2982,murder,0,0
2983,murderer,0,0
2984,murderous,0,0
2985,murderously,0,0
2986,murky,0,0
2987,muscle-flexing,0,0
2988,mushy,0,0
2989,musty,0,0
2990,mysterious,0,0
2991,mysteriously,0,0
2992,mystery,0,0
2993,mystify,0,0
2994,myth,0,0
2995,nag,0,0
2996,nagging,0,0
2997,naive,0,0
2998,naively,0,0
2999,narrower,0,0
3000,nastily,0,0
3001,nastiness,0,0
3002,nasty,0,0
3003,naughty,0,0
3004,nauseate,0,0
3005,nauseates,0,0
3006,nauseating,0,0
3007,nauseatingly,0,0
3009,nebulous,0,0
3010,nebulously,0,0
3011,needless,0,0
3012,needlessly,0,0
3013,needy,0,0
3014,nefarious,0,0
3015,nefariously,0,0
3016,negate,0,0
3017,negation,0,0
3018,negative,0,0
3019,negatives,0,0
3020,negativity,0,0
3021,neglect,0,0
3022,neglected,0,0
3023,negligence,0,0
3024,negligent,0,0
3025,nemesis,0,0
3026,nepotism,0,0
3027,nervous,0,0
3028,nervously,0,0
3029,nervousness,0,0
3030,nettle,0,0
3031,nettlesome,0,0
3032,neurotic,0,0
3033,neurotically,0,0
3034,niggle,0,0
3035,niggles,0,0
3036,nightmare,0,0
3037,nightmarish,0,0
3038,nightmarishly,0,0
3039,nitpick,0,0
3040,nitpicking,0,0
3041,noise,0,0
3042,noises,0,0
3043,noisier,0,0
3044,noisy,0,0
3045,non-confidence,0,0
3046,nonexistent,0,0
3047,nonresponsive,0,0
3048,nonsense,0,0
3049,nosey,0,0
3050,notoriety,0,0
3051,notorious,0,0
3052,notoriously,0,0
3053,noxious,0,0
3054,nuisance,0,0
3055,numb,0,0
3056,obese,0,0
3057,object,0,0
3058,objection,0,0
3059,objectionable,0,0
3060,objections,0,0
3061,oblique,0,0
3062,obliterate,0,0
3063,obliterated,0,0
3064,oblivious,0,0
3065,obnoxious,0,0
3066,obnoxiously,0,0
3067,obscene,0,0
3068,obscenely,0,0
3069,obscenity,0,0
3070,obscure,0,0
3071,obscured,0,0
3072,obscures,0,0
3073,obscurity,0,0
3074,obsess,0,0
3075,obsessive,0,0
3076,obsessively,0,0
3077,obsessiveness,0,0
3078,obsolete,0,0
3079,obstacle,0,0
3080,obstinate,0,0
3081,obstinately,0,0
3082,obstruct,0,0
3083,obstructed,0,0
3084,obstructing,0,0
3085,obstruction,0,0
3086,obstructs,0,0
3087,obtrusive,0,0
3088,obtuse,0,0
3089,occlude,0,0
3090,occluded,0,0
3091,occludes,0,0
3092,occluding,0,0
3093,odd,0,0
3094,odder,0,0
3095,oddest,0,0
3096,oddities,0,0
3097,oddity,0,0
3098,oddly,0,0
3099,odor,0,0
3100,offence,0,0
3101,offend,0,0
3102,offender,0,0
3103,offending,0,0
3104,offenses,0,0
3105,offensive,0,0
3106,offensively,0,0
3107,offensiveness,0,0
3108,officious,0,0
3109,ominous,0,0
3110,ominously,0,0
3111,omission,0,0
3112,omit,0,0
3113,one-sided,0,0
3114,onerous,0,0
3115,onerously,0,0
3116,onslaught,0,0
3117,opinionated,0,0
3118,opponent,0,0
3119,opportunistic,0,0
3120,oppose,0,0
3121,opposition,0,0
3122,oppositions,0,0
3123,oppress,0,0
3124,oppression,0,0
3125,oppressive,0,0
3126,oppressively,0,0
3127,oppressiveness,0,0
3128,oppressors,0,0
3129,ordeal,0,0
3130,orphan,0,0
3131,ostracize,0,0
3132,outbreak,0,0
3133,outburst,0,0
3134,outbursts,0,0
3135,outcast,0,0
3136,outcry,0,0
3137,outlaw,0,0
3138,outmoded,0,0
3139,outrage,0,0
3140,outraged,0,0
3141,outrageous,0,0
3142,outrageously,0,0
3143,outrageousness,0,0
3144,outrages,0,0
3145,outsider,0,0
3146,over-acted,0,0
3147,over-awe,0,0
3148,over-balanced,0,0
3149,over-hyped,0,0
3150,over-priced,0,0
3151,over-valuation,0,0
3152,overact,0,0
3153,overacted,0,0
3154,overawe,0,0
3155,overbalance,0,0
3156,overbalanced,0,0
3157,overbearing,0,0
3158,overbearingly,0,0
3159,overblown,0,0
3160,overdo,0,0
3161,overdone,0,0
3162,overdue,0,0
3163,overemphasize,0,0
3164,overheat,0,0
3165,overkill,0,0
3166,overloaded,0,0
3167,overlook,0,0
3168,overpaid,0,0
3169,overpayed,0,0
3170,overplay,0,0
3171,overpower,0,0
3172,overpriced,0,0
3173,overrated,0,0
3174,overreach,0,0
3175,overrun,0,0
3176,overshadow,0,0
3177,oversight,0,0
3178,oversights,0,0
3179,oversimplification,0,0
3180,oversimplified,0,0
3181,oversimplify,0,0
3182,oversize,0,0
3183,overstate,0,0
3184,overstated,0,0
3185,overstatement,0,0
3186,overstatements,0,0
3187,overstates,0,0
3188,overtaxed,0,0
3189,overthrow,0,0
3190,overthrows,0,0
3191,overturn,0,0
3192,overweight,0,0
3193,overwhelm,0,0
3194,overwhelmed,0,0
3195,overwhelming,0,0
3196,overwhelmingly,0,0
3197,overwhelms,0,0
3198,overzealous,0,0
3199,overzealously,0,0
3200,overzelous,0,0
3201,pain,0,0
3202,painful,0,0
3203,painfull,0,0
3204,painfully,0,0
3205,pains,0,0
3206,pale,0,0
3207,pales,0,0
3208,paltry,0,0
3209,pan,0,0
3210,pandemonium,0,0
3211,pander,0,0
3212,pandering,0,0
3213,panders,0,0
3214,panic,0,0
3215,panick,0,0
3216,panicked,0,0
3217,panicking,0,0
3218,panicky,0,0
3219,paradoxical,0,0
3220,paradoxically,0,0
3221,paralize,0,0
3222,paralyzed,0,0
3223,paranoia,0,0
3224,paranoid,0,0
3225,parasite,0,0
3226,pariah,0,0
3227,parody,0,0
3228,partiality,0,0
3229,partisan,0,0
3230,partisans,0,0
3231,passe,0,0
3232,passive,0,0
3233,passiveness,0,0
3234,pathetic,0,0
3235,pathetically,0,0
3236,patronize,0,0
3237,paucity,0,0
3238,pauper,0,0
3239,paupers,0,0
3240,payback,0,0
3241,peculiar,0,0
3242,peculiarly,0,0
3243,pedantic,0,0
3244,peeled,0,0
3245,peeve,0,0
3246,peeved,0,0
3247,peevish,0,0
3248,peevishly,0,0
3249,penalize,0,0
3250,penalty,0,0
3251,perfidious,0,0
3252,perfidity,0,0
3253,perfunctory,0,0
3254,peril,0,0
3255,perilous,0,0
3256,perilously,0,0
3257,perish,0,0
3258,pernicious,0,0
3259,perplex,0,0
3260,perplexed,0,0
3261,perplexing,0,0
3262,perplexity,0,0
3263,persecute,0,0
3264,persecution,0,0
3265,pertinacious,0,0
3266,pertinaciously,0,0
3267,pertinacity,0,0
3268,perturb,0,0
3269,perturbed,0,0
3270,pervasive,0,0
3271,perverse,0,0
3272,perversely,0,0
3273,perversion,0,0
3274,perversity,0,0
3275,pervert,0,0
3276,perverted,0,0
3277,perverts,0,0
3278,pessimism,0,0
3279,pessimistic,0,0
3280,pessimistically,0,0
3281,pest,0,0
3282,pestilent,0,0
3283,petrified,0,0
3284,petrify,0,0
3285,pettifog,0,0
3286,petty,0,0
3287,phobia,0,0
3288,phobic,0,0
3289,phony,0,0
3290,picket,0,0
3291,picketed,0,0
3292,picketing,0,0
3293,pickets,0,0
3294,picky,0,0
3295,pig,0,0
3296,pigs,0,0
3297,pillage,0,0
3298,pillory,0,0
3299,pimple,0,0
3300,pinch,0,0
3301,pique,0,0
3302,pitiable,0,0
3303,pitiful,0,0
3304,pitifully,0,0
3305,pitiless,0,0
3306,pitilessly,0,0
3307,pittance,0,0
3308,pity,0,0
3309,plagiarize,0,0
3310,plague,0,0
3311,plasticky,0,0
3312,plaything,0,0
3313,plea,0,0
3314,pleas,0,0
3315,plebeian,0,0
3316,plight,0,0
3317,plot,0,0
3318,plotters,0,0
3319,ploy,0,0
3320,plunder,0,0
3321,plunderer,0,0
3322,pointless,0,0
3323,pointlessly,0,0
3324,poison,0,0
3325,poisonous,0,0
3326,poisonously,0,0
3327,pokey,0,0
3328,poky,0,0
3329,polarisation,0,0
3330,polemize,0,0
3331,pollute,0,0
3332,polluter,0,0
3333,polluters,0,0
3334,polution,0,0
3335,pompous,0,0
3336,poor,0,0
3337,poorer,0,0
3338,poorest,0,0
3339,poorly,0,0
3340,posturing,0,0
3341,pout,0,0
3342,poverty,0,0
3343,powerless,0,0
3344,prate,0,0
3345,pratfall,0,0
3346,prattle,0,0
3347,precarious,0,0
3348,precariously,0,0
3349,precipitate,0,0
3350,precipitous,0,0
3351,predatory,0,0
3352,predicament,0,0
3353,prejudge,0,0
3354,prejudice,0,0
3355,prejudices,0,0
3356,prejudicial,0,0
3357,premeditated,0,0
3358,preoccupy,0,0
3359,preposterous,0,0
3360,preposterously,0,0
3361,presumptuous,0,0
3362,presumptuously,0,0
3363,pretence,0,0
3364,pretend,0,0
3365,pretense,0,0
3366,pretentious,0,0
3367,pretentiously,0,0
3368,prevaricate,0,0
3369,pricey,0,0
3370,pricier,0,0
3371,prick,0,0
3372,prickle,0,0
3373,prickles,0,0
3374,prideful,0,0
3375,prik,0,0
3376,primitive,0,0
3377,prison,0,0
3378,prisoner,0,0
3379,problem,0,0
3380,problematic,0,0
3381,problems,0,0
3382,procrastinate,0,0
3383,procrastinates,0,0
3384,procrastination,0,0
3385,profane,0,0
3386,profanity,0,0
3387,prohibit,0,0
3388,prohibitive,0,0
3389,prohibitively,0,0
3390,propaganda,0,0
3391,propagandize,0,0
3392,proprietary,0,0
3393,prosecute,0,0
3394,protest,0,0
3395,protested,0,0
3396,protesting,0,0
3397,protests,0,0
3398,protracted,0,0
3399,provocation,0,0
3400,provocative,0,0
3401,provoke,0,0
3402,pry,0,0
3403,pugnacious,0,0
3404,pugnaciously,0,0
3405,pugnacity,0,0
3406,punch,0,0
3407,punish,0,0
3408,punishable,0,0
3409,punitive,0,0
3410,punk,0,0
3411,puny,0,0
3412,puppet,0,0
3413,puppets,0,0
3414,puzzled,0,0
3415,puzzlement,0,0
3416,puzzling,0,0
3417,quack,0,0
3418,qualm,0,0
3419,qualms,0,0
3420,quandary,0,0
3421,quarrel,0,0
3422,quarrellous,0,0
3423,quarrellously,0,0
3424,quarrels,0,0
3425,quarrelsome,0,0
3426,quash,0,0
3427,queer,0,0
3428,questionable,0,0
3429,quibble,0,0
3430,quibbles,0,0
3431,quitter,0,0
3432,rabid,0,0
3433,racism,0,0
3434,racist,0,0
3435,racists,0,0
3436,racy,0,0
3437,radical,0,0
3438,radicalization,0,0
3439,radically,0,0
3440,radicals,0,0
3441,rage,0,0
3442,ragged,0,0
3443,raging,0,0
3444,rail,0,0
3445,raked,0,0
3446,rampage,0,0
3447,rampant,0,0
3448,ramshackle,0,0
3449,rancor,0,0
3450,randomly,0,0
3451,rankle,0,0
3452,rant,0,0
3453,ranted,0,0
3454,ranting,0,0
3455,rantingly,0,0
3456,rants,0,0
3457,rape,0,0
3458,raped,0,0
3459,raping,0,0
3460,rascal,0,0
3461,rascals,0,0
3462,rash,0,0
3463,rattle,0,0
3464,rattled,0,0
3465,rattles,0,0
3466,ravage,0,0
3467,raving,0,0
3468,reactionary,0,0
3469,rebellious,0,0
3470,rebuff,0,0
3471,rebuke,0,0
3472,recalcitrant,0,0
3473,recant,0,0
3474,recession,0,0
3475,recessionary,0,0
3476,reckless,0,0
3477,recklessly,0,0
3478,recklessness,0,0
3479,recoil,0,0
3480,recourses,0,0
3481,redundancy,0,0
3482,redundant,0,0
3483,refusal,0,0
3484,refuse,0,0
3485,refused,0,0
3486,refuses,0,0
3487,refusing,0,0
3488,refutation,0,0
3489,refute,0,0
3490,refuted,0,0
3491,refutes,0,0
3492,refuting,0,0
3493,regress,0,0
3494,regression,0,0
3495,regressive,0,0
3496,regret,0,0
3497,regreted,0,0
3498,regretful,0,0
3499,regretfully,0,0
3500,regrets,0,0
3501,regrettable,0,0
3502,regrettably,0,0
3503,regretted,0,0
3504,reject,0,0
3505,rejected,0,0
3506,rejecting,0,0
3507,rejection,0,0
3508,rejects,0,0
3509,relapse,0,0
3510,relentless,0,0
3511,relentlessly,0,0
3512,relentlessness,0,0
3513,reluctance,0,0
3514,reluctant,0,0
3515,reluctantly,0,0
3516,remorse,0,0
3517,remorseful,0,0
3518,remorsefully,0,0
3519,remorseless,0,0
3520,remorselessly,0,0
3521,remorselessness,0,0
3522,renounce,0,0
3523,renunciation,0,0
3524,repel,0,0
3525,repetitive,0,0
3526,reprehensible,0,0
3527,reprehensibly,0,0
3528,reprehension,0,0
3529,reprehensive,0,0
3530,repress,0,0
3531,repression,0,0
3532,repressive,0,0
3533,reprimand,0,0
3534,reproach,0,0
3535,reproachful,0,0
3536,reprove,0,0
3537,reprovingly,0,0
3538,repudiate,0,0
3539,repudiation,0,0
3540,repugn,0,0
3541,repugnance,0,0
3542,repugnant,0,0
3543,repugnantly,0,0
3544,repulse,0,0
3545,repulsed,0,0
3546,repulsing,0,0
3547,repulsive,0,0
3548,repulsively,0,0
3549,repulsiveness,0,0
3550,resent,0,0
3551,resentful,0,0
3552,resentment,0,0
3553,resignation,0,0
3554,resigned,0,0
3555,resistance,0,0
3556,restless,0,0
3557,restlessness,0,0
3558,restrict,0,0
3559,restricted,0,0
3560,restriction,0,0
3561,restrictive,0,0
3562,resurgent,0,0
3563,retaliate,0,0
3564,retaliatory,0,0
3565,retard,0,0
3566,retarded,0,0
3567,retardedness,0,0
3568,retards,0,0
3569,reticent,0,0
3570,retract,0,0
3571,retreat,0,0
3572,retreated,0,0
3573,revenge,0,0
3574,revengeful,0,0
3575,revengefully,0,0
3576,revert,0,0
3577,revile,0,0
3578,reviled,0,0
3579,revoke,0,0
3580,revolt,0,0
3581,revolting,0,0
3582,revoltingly,0,0
3583,revulsion,0,0
3584,revulsive,0,0
3585,rhapsodize,0,0
3586,rhetoric,0,0
3587,rhetorical,0,0
3588,ricer,0,0
3589,ridicule,0,0
3590,ridicules,0,0
3591,ridiculous,0,0
3592,ridiculously,0,0
3593,rife,0,0
3594,rift,0,0
3595,rifts,0,0
3596,rigid,0,0
3597,rigidity,0,0
3598,rigidness,0,0
3599,rile,0,0
3600,riled,0,0
3601,rip,0,0
3602,rip-off,0,0
3603,ripoff,0,0
3604,ripped,0,0
3605,risk,0,0
3606,risks,0,0
3607,risky,0,0
3608,rival,0,0
3609,rivalry,0,0
3610,roadblocks,0,0
3611,rocky,0,0
3612,rogue,0,0
3613,rollercoaster,0,0
3614,rot,0,0
3615,rotten,0,0
3616,rough,0,0
3617,rremediable,0,0
3618,rubbish,0,0
3619,rude,0,0
3620,rue,0,0
3621,ruffian,0,0
3622,ruffle,0,0
3623,ruin,0,0
3624,ruined,0,0
3625,ruining,0,0
3626,ruinous,0,0
3627,ruins,0,0
3628,rumbling,0,0
3629,rumor,0,0
3630,rumors,0,0
3631,rumours,0,0
3632,rumple,0,0
3633,run-down,0,0
3634,runaway,0,0
3635,rupture,0,0
3636,rust,0,0
3637,rusts,0,0
3638,rusty,0,0
3639,rut,0,0
3640,ruthless,0,0
3641,ruthlessly,0,0
3642,ruthlessness,0,0
3643,ruts,0,0
3644,sabotage,0,0
3645,sack,0,0
3646,sacrificed,0,0
3647,sad,0,0
3648,sadden,0,0
3649,sadly,0,0
3650,sadness,0,0
3651,sag,0,0
3652,sagged,0,0
3653,sagging,0,0
3654,saggy,0,0
3655,sags,0,0
3656,salacious,0,0
3657,sanctimonious,0,0
3658,sap,0,0
3659,sarcasm,0,0
3660,sarcastic,0,0
3661,sarcastically,0,0
3662,sardonic,0,0
3663,sardonically,0,0
3664,sass,0,0
3665,satirical,0,0
3666,satirize,0,0
3667,savage,0,0
3668,savaged,0,0
3669,savagery,0,0
3670,savages,0,0
3671,scaly,0,0
3672,scam,0,0
3673,scams,0,0
3674,scandal,0,0
3675,scandalize,0,0
3676,scandalized,0,0
3677,scandalous,0,0
3678,scandalously,0,0
3679,scandals,0,0
3680,scandel,0,0
3681,scandels,0,0
3682,scant,0,0
3683,scapegoat,0,0
3684,scar,0,0
3685,scarce,0,0
3686,scarcely,0,0
3687,scarcity,0,0
3688,scare,0,0
3689,scared,0,0
3690,scarier,0,0
3691,scariest,0,0
3692,scarily,0,0
3693,scarred,0,0
3694,scars,0,0
3695,scary,0,0
3696,scathing,0,0
3697,scathingly,0,0
3698,sceptical,0,0
3699,scoff,0,0
3700,scoffingly,0,0
3701,scold,0,0
3702,scolded,0,0
3703,scolding,0,0
3704,scoldingly,0,0
3705,scorching,0,0
3706,scorchingly,0,0
3707,scorn,0,0
3708,scornful,0,0
3709,scornfully,0,0
3710,scoundrel,0,0
3711,scourge,0,0
3712,scowl,0,0
3713,scramble,0,0
3714,scrambled,0,0
3715,scrambles,0,0
3716,scrambling,0,0
3717,scrap,0,0
3718,scratch,0,0
3719,scratched,0,0
3720,scratches,0,0
3721,scratchy,0,0
3722,scream,0,0
3723,screech,0,0
3724,screw-up,0,0
3725,screwed,0,0
3726,screwed-up,0,0
3727,screwy,0,0
3728,scuff,0,0
3729,scuffs,0,0
3730,scum,0,0
3731,scummy,0,0
3732,second-class,0,0
3733,second-tier,0,0
3734,secretive,0,0
3735,sedentary,0,0
3736,seedy,0,0
3737,seethe,0,0
3738,seething,0,0
3739,self-coup,0,0
3740,self-criticism,0,0
3741,self-defeating,0,0
3742,self-destructive,0,0
3743,self-humiliation,0,0
3744,self-interest,0,0
3745,self-interested,0,0
3746,self-serving,0,0
3747,selfinterested,0,0
3748,selfish,0,0
3749,selfishly,0,0
3750,selfishness,0,0
3751,semi-retarded,0,0
3752,senile,0,0
3753,sensationalize,0,0
3754,senseless,0,0
3755,senselessly,0,0
3756,seriousness,0,0
3757,sermonize,0,0
3758,servitude,0,0
3759,set-up,0,0
3760,setback,0,0
3761,setbacks,0,0
3762,sever,0,0
3763,severe,0,0
3764,severity,0,0
3765,sh*t,0,0
3766,shabby,0,0
3767,shadowy,0,0
3768,shady,0,0
3769,shake,0,0
3770,shaky,0,0
3771,shallow,0,0
3772,sham,0,0
3773,shambles,0,0
3774,shame,0,0
3775,shameful,0,0
3776,shamefully,0,0
3777,shamefulness,0,0
3778,shameless,0,0
3779,shamelessly,0,0
3780,shamelessness,0,0
3781,shark,0,0
3782,sharply,0,0
3783,shatter,0,0
3784,shemale,0,0
3785,shimmer,0,0
3786,shimmy,0,0
3787,shipwreck,0,0
3788,shirk,0,0
3789,shirker,0,0
3790,shit,0,0
3791,shiver,0,0
3792,shock,0,0
3793,shocked,0,0
3794,shocking,0,0
3795,shockingly,0,0
3796,shoddy,0,0
3797,short-lived,0,0
3798,shortage,0,0
3799,shortchange,0,0
3800,shortcoming,0,0
3801,shortcomings,0,0
3802,shortness,0,0
3803,shortsighted,0,0
3804,shortsightedness,0,0
3805,showdown,0,0
3806,shrew,0,0
3807,shriek,0,0
3808,shrill,0,0
3809,shrilly,0,0
3810,shrivel,0,0
3811,shroud,0,0
3812,shrouded,0,0
3813,shrug,0,0
3814,shun,0,0
3815,shunned,0,0
3816,sick,0,0
3817,sicken,0,0
3818,sickening,0,0
3819,sickeningly,0,0
3820,sickly,0,0
3821,sickness,0,0
3822,sidetrack,0,0
3823,sidetracked,0,0
3824,siege,0,0
3825,sillily,0,0
3826,silly,0,0
3827,simplistic,0,0
3828,simplistically,0,0
3829,sin,0,0
3830,sinful,0,0
3831,sinfully,0,0
3832,sinister,0,0
3833,sinisterly,0,0
3834,sink,0,0
3835,sinking,0,0
3836,skeletons,0,0
3837,skeptic,0,0
3838,skeptical,0,0
3839,skeptically,0,0
3840,skepticism,0,0
3841,sketchy,0,0
3842,skimpy,0,0
3843,skinny,0,0
3844,skittish,0,0
3845,skittishly,0,0
3846,skulk,0,0
3847,slack,0,0
3848,slander,0,0
3849,slanderer,0,0
3850,slanderous,0,0
3851,slanderously,0,0
3852,slanders,0,0
3853,slap,0,0
3854,slashing,0,0
3855,slaughter,0,0
3856,slaughtered,0,0
3857,slave,0,0
3858,slaves,0,0
3859,sleazy,0,0
3860,slime,0,0
3861,slog,0,0
3862,slogged,0,0
3863,slogging,0,0
3864,slogs,0,0
3865,sloooooooooooooow,0,0
3866,sloooow,0,0
3867,slooow,0,0
3868,sloow,0,0
3869,sloppily,0,0
3870,sloppy,0,0
3871,sloth,0,0
3872,slothful,0,0
3873,slow,0,0
3874,slow-moving,0,0
3875,slowed,0,0
3876,slower,0,0
3877,slowest,0,0
3878,slowly,0,0
3879,sloww,0,0
3880,slowww,0,0
3881,slowwww,0,0
3882,slug,0,0
3883,sluggish,0,0
3884,slump,0,0
3885,slumping,0,0
3886,slumpping,0,0
3887,slur,0,0
3888,slut,0,0
3889,sluts,0,0
3890,sly,0,0
3891,smack,0,0
3892,smallish,0,0
3893,smash,0,0
3894,smear,0,0
3895,smell,0,0
3896,smelled,0,0
3897,smelling,0,0
3898,smells,0,0
3899,smelly,0,0
3900,smelt,0,0
3901,smoke,0,0
3902,smokescreen,0,0
3903,smolder,0,0
3904,smoldering,0,0
3905,smother,0,0
3906,smoulder,0,0
3907,smouldering,0,0
3908,smudge,0,0
3909,smudged,0,0
3910,smudges,0,0
3911,smudging,0,0
3912,smug,0,0
3913,smugly,0,0
3914,smut,0,0
3915,smuttier,0,0
3916,smuttiest,0,0
3917,smutty,0,0
3918,snag,0,0
3919,snagged,0,0
3920,snagging,0,0
3921,snags,0,0
3922,snappish,0,0
3923,snappishly,0,0
3924,snare,0,0
3925,snarky,0,0
3926,snarl,0,0
3927,sneak,0,0
3928,sneakily,0,0
3929,sneaky,0,0
3930,sneer,0,0
3931,sneering,0,0
3932,sneeringly,0,0
3933,snob,0,0
3934,snobbish,0,0
3935,snobby,0,0
3936,snobish,0,0
3937,snobs,0,0
3938,snub,0,0
3939,so-cal,0,0
3940,soapy,0,0
3941,sob,0,0
3942,sober,0,0
3943,sobering,0,0
3944,solemn,0,0
3945,solicitude,0,0
3946,somber,0,0
3947,sore,0,0
3948,sorely,0,0
3949,soreness,0,0
3950,sorrow,0,0
3951,sorrowful,0,0
3952,sorrowfully,0,0
3953,sorry,0,0
3954,sour,0,0
3955,sourly,0,0
3956,spade,0,0
3957,spank,0,0
3958,spendy,0,0
3959,spew,0,0
3960,spewed,0,0
3961,spewing,0,0
3962,spews,0,0
3963,spilling,0,0
3964,spinster,0,0
3965,spiritless,0,0
3966,spite,0,0
3967,spiteful,0,0
3968,spitefully,0,0
3969,spitefulness,0,0
3970,splatter,0,0
3971,split,0,0
3972,splitting,0,0
3973,spoil,0,0
3974,spoilage,0,0
3975,spoilages,0,0
3976,spoiled,0,0
3977,spoilled,0,0
3978,spoils,0,0
3979,spook,0,0
3980,spookier,0,0
3981,spookiest,0,0
3982,spookily,0,0
3983,spooky,0,0
3984,spoon-fed,0,0
3985,spoon-feed,0,0
3986,spoonfed,0,0
3987,sporadic,0,0
3988,spotty,0,0
3989,spurious,0,0
3990,spurn,0,0
3991,sputter,0,0
3992,squabble,0,0
3993,squabbling,0,0
3994,squander,0,0
3995,squash,0,0
3996,squeak,0,0
3997,squeaks,0,0
3998,squeaky,0,0
3999,squeal,0,0
4000,squealing,0,0
4001,squeals,0,0
4002,squirm,0,0
4003,stab,0,0
4004,stagnant,0,0
4005,stagnate,0,0
4006,stagnation,0,0
4007,staid,0,0
4008,stain,0,0
4009,stains,0,0
4010,stale,0,0
4011,stalemate,0,0
4012,stall,0,0
4013,stalls,0,0
4014,stammer,0,0
4015,stampede,0,0
4016,standstill,0,0
4017,stark,0,0
4018,starkly,0,0
4019,startle,0,0
4020,startling,0,0
4021,startlingly,0,0
4022,starvation,0,0
4023,starve,0,0
4024,static,0,0
4025,steal,0,0
4026,stealing,0,0
4027,steals,0,0
4028,steep,0,0
4029,steeply,0,0
4030,stench,0,0
4031,stereotype,0,0
4032,stereotypical,0,0
4033,stereotypically,0,0
4034,stern,0,0
4035,stew,0,0
4036,sticky,0,0
4037,stiff,0,0
4038,stiffness,0,0
4039,stifle,0,0
4040,stifling,0,0
4041,stiflingly,0,0
4042,stigma,0,0
4043,stigmatize,0,0
4044,sting,0,0
4045,stinging,0,0
4046,stingingly,0,0
4047,stingy,0,0
4048,stink,0,0
4049,stinks,0,0
4050,stodgy,0,0
4051,stole,0,0
4052,stolen,0,0
4053,stooge,0,0
4054,stooges,0,0
4055,stormy,0,0
4056,straggle,0,0
4057,straggler,0,0
4058,strain,0,0
4059,strained,0,0
4060,straining,0,0
4061,strange,0,0
4062,strangely,0,0
4063,stranger,0,0
4064,strangest,0,0
4065,strangle,0,0
4066,streaky,0,0
4067,strenuous,0,0
4068,stress,0,0
4069,stresses,0,0
4070,stressful,0,0
4071,stressfully,0,0
4072,stricken,0,0
4073,strict,0,0
4074,strictly,0,0
4075,strident,0,0
4076,stridently,0,0
4077,strife,0,0
4078,strike,0,0
4079,stringent,0,0
4080,stringently,0,0
4081,struck,0,0
4082,struggle,0,0
4083,struggled,0,0
4084,struggles,0,0
4085,struggling,0,0
4086,strut,0,0
4087,stubborn,0,0
4088,stubbornly,0,0
4089,stubbornness,0,0
4090,stuck,0,0
4091,stuffy,0,0
4092,stumble,0,0
4093,stumbled,0,0
4094,stumbles,0,0
4095,stump,0,0
4096,stumped,0,0
4097,stumps,0,0
4098,stun,0,0
4099,stunt,0,0
4100,stunted,0,0
4101,stupid,0,0
4102,stupidest,0,0
4103,stupidity,0,0
4104,stupidly,0,0
4105,stupified,0,0
4106,stupify,0,0
4107,stupor,0,0
4108,stutter,0,0
4109,stuttered,0,0
4110,stuttering,0,0
4111,stutters,0,0
4112,sty,0,0
4113,stymied,0,0
4114,sub-par,0,0
4115,subdued,0,0
4116,subjected,0,0
4117,subjection,0,0
4118,subjugate,0,0
4119,subjugation,0,0
4120,submissive,0,0
4121,subordinate,0,0
4122,subpoena,0,0
4123,subpoenas,0,0
4124,subservience,0,0
4125,subservient,0,0
4126,substandard,0,0
4127,subtract,0,0
4128,subversion,0,0
4129,subversive,0,0
4130,subversively,0,0
4131,subvert,0,0
4132,succumb,0,0
4133,suck,0,0
4134,sucked,0,0
4135,sucker,0,0
4136,sucks,0,0
4137,sucky,0,0
4138,sue,0,0
4139,sued,0,0
4140,sueing,0,0
4141,sues,0,0
4142,suffer,0,0
4143,suffered,0,0
4144,sufferer,0,0
4145,sufferers,0,0
4146,suffering,0,0
4147,suffers,0,0
4148,suffocate,0,0
4149,sugar-coat,0,0
4150,sugar-coated,0,0
4151,sugarcoated,0,0
4152,suicidal,0,0
4153,suicide,0,0
4154,sulk,0,0
4155,sullen,0,0
4156,sully,0,0
4157,sunder,0,0
4158,sunk,0,0
4159,sunken,0,0
4160,superficial,0,0
4161,superficiality,0,0
4162,superficially,0,0
4163,superfluous,0,0
4164,superstition,0,0
4165,superstitious,0,0
4166,suppress,0,0
4167,suppression,0,0
4168,surrender,0,0
4169,susceptible,0,0
4170,suspect,0,0
4171,suspicion,0,0
4172,suspicions,0,0
4173,suspicious,0,0
4174,suspiciously,0,0
4175,swagger,0,0
4176,swamped,0,0
4177,sweaty,0,0
4178,swelled,0,0
4179,swelling,0,0
4180,swindle,0,0
4181,swipe,0,0
4182,swollen,0,0
4183,symptom,0,0
4184,symptoms,0,0
4185,syndrome,0,0
4186,taboo,0,0
4187,tacky,0,0
4188,taint,0,0
4189,tainted,0,0
4190,tamper,0,0
4191,tangle,0,0
4192,tangled,0,0
4193,tangles,0,0
4194,tank,0,0
4195,tanked,0,0
4196,tanks,0,0
4197,tantrum,0,0
4198,tardy,0,0
4199,tarnish,0,0
4200,tarnished,0,0
4201,tarnishes,0,0
4202,tarnishing,0,0
4203,tattered,0,0
4204,taunt,0,0
4205,taunting,0,0
4206,tauntingly,0,0
4207,taunts,0,0
4208,taut,0,0
4209,tawdry,0,0
4210,taxing,0,0
4211,tease,0,0
4212,teasingly,0,0
4213,tedious,0,0
4214,tediously,0,0
4215,temerity,0,0
4216,temper,0,0
4217,tempest,0,0
4218,temptation,0,0
4219,tenderness,0,0
4220,tense,0,0
4221,tension,0,0
4222,tentative,0,0
4223,tentatively,0,0
4224,tenuous,0,0
4225,tenuously,0,0
4226,tepid,0,0
4227,terrible,0,0
4228,terribleness,0,0
4229,terribly,0,0
4230,terror,0,0
4231,terror-genic,0,0
4232,terrorism,0,0
4233,terrorize,0,0
4234,testily,0,0
4235,testy,0,0
4236,tetchily,0,0
4237,tetchy,0,0
4238,thankless,0,0
4239,thicker,0,0
4240,thirst,0,0
4241,thorny,0,0
4242,thoughtless,0,0
4243,thoughtlessly,0,0
4244,thoughtlessness,0,0
4245,thrash,0,0
4246,threat,0,0
4247,threaten,0,0
4248,threatening,0,0
4249,threats,0,0
4250,threesome,0,0
4251,throb,0,0
4252,throbbed,0,0
4253,throbbing,0,0
4254,throbs,0,0
4255,throttle,0,0
4256,thug,0,0
4257,thumb-down,0,0
4258,thumbs-down,0,0
4259,thwart,0,0
4260,time-consuming,0,0
4261,timid,0,0
4262,timidity,0,0
4263,timidly,0,0
4264,timidness,0,0
4265,tin-y,0,0
4266,tingled,0,0
4267,tingling,0,0
4268,tired,0,0
4269,tiresome,0,0
4270,tiring,0,0
4271,tiringly,0,0
4272,toil,0,0
4273,toll,0,0
4274,top-heavy,0,0
4275,topple,0,0
4276,torment,0,0
4277,tormented,0,0
4278,torrent,0,0
4279,tortuous,0,0
4280,torture,0,0
4281,tortured,0,0
4282,tortures,0,0
4283,torturing,0,0
4284,torturous,0,0
4285,torturously,0,0
4286,totalitarian,0,0
4287,touchy,0,0
4288,toughness,0,0
4289,tout,0,0
4290,touted,0,0
4291,touts,0,0
4292,toxic,0,0
4293,traduce,0,0
4294,tragedy,0,0
4295,tragic,0,0
4296,tragically,0,0
4297,traitor,0,0
4298,traitorous,0,0
4299,traitorously,0,0
4300,tramp,0,0
4301,trample,0,0
4302,transgress,0,0
4303,transgression,0,0
4304,trap,0,0
4305,traped,0,0
4306,trapped,0,0
4307,trash,0,0
4308,trashed,0,0
4309,trashy,0,0
4310,trauma,0,0
4311,traumatic,0,0
4312,traumatically,0,0
4313,traumatize,0,0
4314,traumatized,0,0
4315,travesties,0,0
4316,travesty,0,0
4317,treacherous,0,0
4318,treacherously,0,0
4319,treachery,0,0
4320,treason,0,0
4321,treasonous,0,0
4322,trick,0,0
4323,tricked,0,0
4324,trickery,0,0
4325,tricky,0,0
4326,trivial,0,0
4327,trivialize,0,0
4328,trouble,0,0
4329,troubled,0,0
4330,troublemaker,0,0
4331,troubles,0,0
4332,troublesome,0,0
4333,troublesomely,0,0
4334,troubling,0,0
4335,troublingly,0,0
4336,truant,0,0
4337,tumble,0,0
4338,tumbled,0,0
4339,tumbles,0,0
4340,tumultuous,0,0
4341,turbulent,0,0
4342,turmoil,0,0
4343,twist,0,0
4344,twisted,0,0
4345,twists,0,0
4346,two-faced,0,0
4347,two-faces,0,0
4348,tyrannical,0,0
4349,tyrannically,0,0
4350,tyranny,0,0
4351,tyrant,0,0
4352,ugh,0,0
4353,uglier,0,0
4354,ugliest,0,0
4355,ugliness,0,0
4356,ugly,0,0
4357,ulterior,0,0
4358,ultimatum,0,0
4359,ultimatums,0,0
4360,ultra-hardline,0,0
4361,un-viewable,0,0
4362,unable,0,0
4363,unacceptable,0,0
4364,unacceptablely,0,0
4365,unacceptably,0,0
4366,unaccessible,0,0
4367,unaccustomed,0,0
4368,unachievable,0,0
4369,unaffordable,0,0
4370,unappealing,0,0
4371,unattractive,0,0
4372,unauthentic,0,0
4373,unavailable,0,0
4374,unavoidably,0,0
4375,unbearable,0,0
4376,unbearablely,0,0
4377,unbelievable,0,0
4378,unbelievably,0,0
4379,uncaring,0,0
4380,uncertain,0,0
4381,uncivil,0,0
4382,uncivilized,0,0
4383,unclean,0,0
4384,unclear,0,0
4385,uncollectible,0,0
4386,uncomfortable,0,0
4387,uncomfortably,0,0
4388,uncomfy,0,0
4389,uncompetitive,0,0
4390,uncompromising,0,0
4391,uncompromisingly,0,0
4392,unconfirmed,0,0
4393,unconstitutional,0,0
4394,uncontrolled,0,0
4395,unconvincing,0,0
4396,unconvincingly,0,0
4397,uncooperative,0,0
4398,uncouth,0,0
4399,uncreative,0,0
4400,undecided,0,0
4401,undefined,0,0
4402,undependability,0,0
4403,undependable,0,0
4404,undercut,0,0
4405,undercuts,0,0
4406,undercutting,0,0
4407,underdog,0,0
4408,underestimate,0,0
4409,underlings,0,0
4410,undermine,0,0
4411,undermined,0,0
4412,undermines,0,0
4413,undermining,0,0
4414,underpaid,0,0
4415,underpowered,0,0
4416,undersized,0,0
4417,undesirable,0,0
4418,undetermined,0,0
4419,undid,0,0
4420,undignified,0,0
4421,undissolved,0,0
4422,undocumented,0,0
4423,undone,0,0
4424,undue,0,0
4425,unease,0,0
4426,uneasily,0,0
4427,uneasiness,0,0
4428,uneasy,0,0
4429,uneconomical,0,0
4430,unemployed,0,0
4431,unequal,0,0
4432,unethical,0,0
4433,uneven,0,0
4434,uneventful,0,0
4435,unexpected,0,0
4436,unexpectedly,0,0
4437,unexplained,0,0
4438,unfairly,0,0
4439,unfaithful,0,0
4440,unfaithfully,0,0
4441,unfamiliar,0,0
4442,unfavorable,0,0
4443,unfeeling,0,0
4444,unfinished,0,0
4445,unfit,0,0
4446,unforeseen,0,0
4447,unforgiving,0,0
4448,unfortunate,0,0
4449,unfortunately,0,0
4450,unfounded,0,0
4451,unfriendly,0,0
4452,unfulfilled,0,0
4453,unfunded,0,0
4454,ungovernable,0,0
4455,ungrateful,0,0
4456,unhappily,0,0
4457,unhappiness,0,0
4458,unhappy,0,0
4459,unhealthy,0,0
4460,unhelpful,0,0
4461,unilateralism,0,0
4462,unimaginable,0,0
4463,unimaginably,0,0
4464,unimportant,0,0
4465,uninformed,0,0
4466,uninsured,0,0
4467,unintelligible,0,0
4468,unintelligile,0,0
4469,unipolar,0,0
4470,unjust,0,0
4471,unjustifiable,0,0
4472,unjustifiably,0,0
4473,unjustified,0,0
4474,unjustly,0,0
4475,unkind,0,0
4476,unkindly,0,0
4477,unknown,0,0
4478,unlamentable,0,0
4479,unlamentably,0,0
4480,unlawful,0,0
4481,unlawfully,0,0
4482,unlawfulness,0,0
4483,unleash,0,0
4484,unlicensed,0,0
4485,unlikely,0,0
4486,unlucky,0,0
4487,unmoved,0,0
4488,unnatural,0,0
4489,unnaturally,0,0
4490,unnecessary,0,0
4491,unneeded,0,0
4492,unnerve,0,0
4493,unnerved,0,0
4494,unnerving,0,0
4495,unnervingly,0,0
4496,unnoticed,0,0
4497,unobserved,0,0
4498,unorthodox,0,0
4499,unorthodoxy,0,0
4500,unpleasant,0,0
4501,unpleasantries,0,0
4502,unpopular,0,0
4503,unpredictable,0,0
4504,unprepared,0,0
4505,unproductive,0,0
4506,unprofitable,0,0
4507,unprove,0,0
4508,unproved,0,0
4509,unproven,0,0
4510,unproves,0,0
4511,unproving,0,0
4512,unqualified,0,0
4513,unravel,0,0
4514,unraveled,0,0
4515,unreachable,0,0
4516,unreadable,0,0
4517,unrealistic,0,0
4518,unreasonable,0,0
4519,unreasonably,0,0
4520,unrelenting,0,0
4521,unrelentingly,0,0
4522,unreliability,0,0
4523,unreliable,0,0
4524,unresolved,0,0
4525,unresponsive,0,0
4526,unrest,0,0
4527,unruly,0,0
4528,unsafe,0,0
4529,unsatisfactory,0,0
4530,unsavory,0,0
4531,unscrupulous,0,0
4532,unscrupulously,0,0
4533,unsecure,0,0
4534,unseemly,0,0
4535,unsettle,0,0
4536,unsettled,0,0
4537,unsettling,0,0
4538,unsettlingly,0,0
4539,unskilled,0,0
4540,unsophisticated,0,0
4541,unsound,0,0
4542,unspeakable,0,0
4543,unspeakablely,0,0
4544,unspecified,0,0
4545,unstable,0,0
4546,unsteadily,0,0
4547,unsteadiness,0,0
4548,unsteady,0,0
4549,unsuccessful,0,0
4550,unsuccessfully,0,0
4551,unsupported,0,0
4552,unsupportive,0,0
4553,unsure,0,0
4554,unsuspecting,0,0
4555,unsustainable,0,0
4556,untenable,0,0
4557,untested,0,0
4558,unthinkable,0,0
4559,unthinkably,0,0
4560,untimely,0,0
4561,untouched,0,0
4562,untrue,0,0
4563,untrustworthy,0,0
4564,untruthful,0,0
4565,unusable,0,0
4566,unusably,0,0
4567,unuseable,0,0
4568,unuseably,0,0
4569,unusual,0,0
4570,unusually,0,0
4571,unviewable,0,0
4572,unwanted,0,0
4573,unwarranted,0,0
4574,unwatchable,0,0
4575,unwelcome,0,0
4576,unwell,0,0
4577,unwieldy,0,0
4578,unwilling,0,0
4579,unwillingly,0,0
4580,unwillingness,0,0
4581,unwise,0,0
4582,unwisely,0,0
4583,unworkable,0,0
4584,unworthy,0,0
4585,unyielding,0,0
4586,upbraid,0,0
4587,upheaval,0,0
4588,uprising,0,0
4589,uproar,0,0
4590,uproarious,0,0
4591,uproariously,0,0
4592,uproarous,0,0
4593,uproarously,0,0
4594,uproot,0,0
4595,upset,0,0
4596,upseting,0,0
4597,upsets,0,0
4598,upsetting,0,0
4599,upsettingly,0,0
4600,urgent,0,0
4601,useless,0,0
4602,usurp,0,0
4603,usurper,0,0
4604,utterly,0,0
4605,vagrant,0,0
4606,vague,0,0
4607,vagueness,0,0
4608,vain,0,0
4609,vainly,0,0
4610,vanity,0,0
4611,vehement,0,0
4612,vehemently,0,0
4613,vengeance,0,0
4614,vengeful,0,0
4615,vengefully,0,0
4616,vengefulness,0,0
4617,venom,0,0
4618,venomous,0,0
4619,venomously,0,0
4620,vent,0,0
4621,vestiges,0,0
4622,vex,0,0
4623,vexation,0,0
4624,vexing,0,0
4625,vexingly,0,0
4626,vibrate,0,0
4627,vibrated,0,0
4628,vibrates,0,0
4629,vibrating,0,0
4630,vibration,0,0
4631,vice,0,0
4632,vicious,0,0
4633,viciously,0,0
4634,viciousness,0,0
4635,victimize,0,0
4636,vile,0,0
4637,vileness,0,0
4638,vilify,0,0
4639,villainous,0,0
4640,villainously,0,0
4641,villains,0,0
4642,villian,0,0
4643,villianous,0,0
4644,villianously,0,0
4645,villify,0,0
4646,vindictive,0,0
4647,vindictively,0,0
4648,vindictiveness,0,0
4649,violate,0,0
4650,violation,0,0
4651,violator,0,0
4652,violators,0,0
4653,violent,0,0
4654,violently,0,0
4655,viper,0,0
4656,virulence,0,0
4657,virulent,0,0
4658,virulently,0,0
4659,virus,0,0
4660,vociferous,0,0
4661,vociferously,0,0
4662,volatile,0,0
4663,volatility,0,0
4664,vomit,0,0
4665,vomited,0,0
4666,vomiting,0,0
4667,vomits,0,0
4668,vulgar,0,0
4669,vulnerable,0,0
4670,wack,0,0
4671,wail,0,0
4672,wallow,0,0
4673,wane,0,0
4674,waning,0,0
4675,wanton,0,0
4676,war-like,0,0
4677,warily,0,0
4678,wariness,0,0
4679,warlike,0,0
4680,warned,0,0
4681,warning,0,0
4682,warp,0,0
4683,warped,0,0
4684,wary,0,0
4685,washed-out,0,0
4686,waste,0,0
4687,wasted,0,0
4688,wasteful,0,0
4689,wastefulness,0,0
4690,wasting,0,0
4691,water-down,0,0
4692,watered-down,0,0
4693,wayward,0,0
4694,weak,0,0
4695,weaken,0,0
4696,weakening,0,0
4697,weaker,0,0
4698,weakness,0,0
4699,weaknesses,0,0
4700,weariness,0,0
4701,wearisome,0,0
4702,weary,0,0
4703,wedge,0,0
4704,weed,0,0
4705,weep,0,0
4706,weird,0,0
4707,weirdly,0,0
4708,wheedle,0,0
4709,whimper,0,0
4710,whine,0,0
4711,whining,0,0
4712,whiny,0,0
4713,whips,0,0
4714,whore,0,0
4715,whores,0,0
4716,wicked,0,0
4717,wickedly,0,0
4718,wickedness,0,0
4719,wild,0,0
4720,wildly,0,0
4721,wiles,0,0
4722,wilt,0,0
4723,wily,0,0
4724,wimpy,0,0
4725,wince,0,0
4726,wobble,0,0
4727,wobbled,0,0
4728,wobbles,0,0
4729,woe,0,0
4730,woebegone,0,0
4731,woeful,0,0
4732,woefully,0,0
4733,womanizer,0,0
4734,womanizing,0,0
4735,worn,0,0
4736,worried,0,0
4737,worriedly,0,0
4738,worrier,0,0
4739,worries,0,0
4740,worrisome,0,0
4741,worry,0,0
4742,worrying,0,0
4743,worryingly,0,0
4744,worse,0,0
4745,worsen,0,0
4746,worsening,0,0
4747,worst,0,0
4748,worthless,0,0
4749,worthlessly,0,0
4750,worthlessness,0,0
4751,wound,0,0
4752,wounds,0,0
4753,wrangle,0,0
4754,wrath,0,0
4755,wreak,0,0
4756,wreaked,0,0
4757,wreaks,0,0
4758,wreck,0,0
4759,wrest,0,0
4760,wrestle,0,0
4761,wretch,0,0
4762,wretched,0,0
4763,wretchedly,0,0
4764,wretchedness,0,0
4765,wrinkle,0,0
4766,wrinkled,0,0
4767,wrinkles,0,0
4768,wrip,0,0
4769,wripped,0,0
4770,wripping,0,0
4771,writhe,0,0
4772,wrong,0,0
4773,wrongful,0,0
4774,wrongly,0,0
4775,wrought,0,0
4776,yawn,0,0
4777,zap,0,0
4778,zapped,0,0
4779,zaps,0,0
4780,zealot,0,0
4781,zealous,0,0
4782,zealously,0,0
4783,zombie,0,0
