index,positiveword,counter
1,a+,0
2,abound,0
3,abounds,0
4,abundance,0
5,abundant,0
6,accessable,0
7,accessible,0
8,acclaim,0
9,acclaimed,0
10,acclamation,0
11,accolade,0
12,accolades,0
13,accommodative,0
14,accomodative,0
15,accomplish,0
16,accomplished,0
17,accomplishment,0
18,accomplishments,0
19,accurate,0
20,accurately,0
21,achievable,0
22,achievement,0
23,achievements,0
24,achievible,0
25,acumen,0
26,adaptable,0
27,adaptive,0
28,adequate,0
29,adjustable,0
30,admirable,0
31,admirably,0
32,admiration,0
33,admire,0
34,admirer,0
35,admiring,0
36,admiringly,0
37,adorable,0
38,adore,0
39,adored,0
40,adorer,0
41,adoring,0
42,adoringly,0
43,adroit,0
44,adroitly,0
45,adulate,0
46,adulation,0
47,adulatory,0
48,advanced,0
49,advantage,0
50,advantageous,0
51,advantageously,0
52,advantages,0
53,adventuresome,0
54,adventurous,0
55,advocate,0
56,advocated,0
57,advocates,0
58,affability,0
59,affable,0
60,affably,0
61,affectation,0
62,affection,0
63,affectionate,0
64,affinity,0
65,affirm,0
66,affirmation,0
67,affirmative,0
68,affluence,0
69,affluent,0
70,afford,0
71,affordable,0
72,affordably,0
73,afordable,0
74,agile,0
75,agilely,0
76,agility,0
77,agreeable,0
78,agreeableness,0
79,agreeably,0
80,all-around,0
81,alluring,0
82,alluringly,0
83,altruistic,0
84,altruistically,0
85,amaze,0
86,amazed,0
87,amazement,0
88,amazes,0
89,amazing,0
90,amazingly,0
91,ambitious,0
92,ambitiously,0
93,ameliorate,0
94,amenable,0
95,amenity,0
96,amiability,0
97,amiabily,0
98,amiable,0
99,amicability,0
100,amicable,0
101,amicably,0
102,amity,0
103,ample,0
104,amply,0
105,amuse,0
106,amusing,0
107,amusingly,0
108,angel,0
109,angelic,0
110,apotheosis,0
111,appeal,0
112,appealing,0
113,applaud,0
114,appreciable,0
115,appreciate,0
116,appreciated,0
117,appreciates,0
118,appreciative,0
119,appreciatively,0
120,appropriate,0
121,approval,0
122,approve,0
123,ardent,0
124,ardently,0
125,ardor,0
126,articulate,0
127,aspiration,0
128,aspirations,0
129,aspire,0
130,assurance,0
131,assurances,0
132,assure,0
133,assuredly,0
134,assuring,0
135,astonish,0
136,astonished,0
137,astonishing,0
138,astonishingly,0
139,astonishment,0
140,astound,0
141,astounded,0
142,astounding,0
143,astoundingly,0
144,astutely,0
145,attentive,0
146,attraction,0
147,attractive,0
148,attractively,0
149,attune,0
150,audible,0
151,audibly,0
152,auspicious,0
153,authentic,0
154,authoritative,0
155,autonomous,0
156,available,0
157,aver,0
158,avid,0
159,avidly,0
160,award,0
161,awarded,0
162,awards,0
163,awe,0
164,awed,0
165,awesome,0
166,awesomely,0
167,awesomeness,0
168,awestruck,0
169,awsome,0
170,backbone,0
171,balanced,0
172,bargain,0
173,beauteous,0
174,beautiful,0
175,beautifullly,0
176,beautifully,0
177,beautify,0
178,beauty,0
179,beckon,0
180,beckoned,0
181,beckoning,0
182,beckons,0
183,believable,0
184,believeable,0
185,beloved,0
186,benefactor,0
187,beneficent,0
188,beneficial,0
189,beneficially,0
190,beneficiary,0
191,benefit,0
192,benefits,0
193,benevolence,0
194,benevolent,0
195,benifits,0
196,best,0
197,best-known,0
198,best-performing,0
199,best-selling,0
200,better,0
201,better-known,0
202,better-than-expected,0
203,beutifully,0
204,blameless,0
205,bless,0
206,blessing,0
207,bliss,0
208,blissful,0
209,blissfully,0
210,blithe,0
211,blockbuster,0
212,bloom,0
213,blossom,0
214,bolster,0
215,bonny,0
216,bonus,0
217,bonuses,0
218,boom,0
219,booming,0
220,boost,0
221,boundless,0
222,bountiful,0
223,brainiest,0
224,brainy,0
225,brand-new,0
226,brave,0
227,bravery,0
228,bravo,0
229,breakthrough,0
230,breakthroughs,0
231,breathlessness,0
232,breathtaking,0
233,breathtakingly,0
234,breeze,0
235,bright,0
236,brighten,0
237,brighter,0
238,brightest,0
239,brilliance,0
240,brilliances,0
241,brilliant,0
242,brilliantly,0
243,brisk,0
244,brotherly,0
245,bullish,0
246,buoyant,0
247,cajole,0
248,calm,0
249,calming,0
250,calmness,0
251,capability,0
252,capable,0
253,capably,0
254,captivate,0
255,captivating,0
256,carefree,0
257,cashback,0
258,cashbacks,0
259,catchy,0
260,celebrate,0
261,celebrated,0
262,celebration,0
263,celebratory,0
264,champ,0
265,champion,0
266,charisma,0
267,charismatic,0
268,charitable,0
269,charm,0
270,charming,0
271,charmingly,0
272,chaste,0
273,cheaper,0
274,cheapest,0
275,cheer,0
276,cheerful,0
277,cheery,0
278,cherish,0
279,cherished,0
280,cherub,0
281,chic,0
282,chivalrous,0
283,chivalry,0
284,civility,0
285,civilize,0
286,clarity,0
287,classic,0
288,classy,0
289,clean,0
290,cleaner,0
291,cleanest,0
292,cleanliness,0
293,cleanly,0
294,clear,0
295,clear-cut,0
296,cleared,0
297,clearer,0
298,clearly,0
299,clears,0
300,clever,0
301,cleverly,0
302,cohere,0
303,coherence,0
304,coherent,0
305,cohesive,0
306,colorful,0
307,comely,0
308,comfort,0
309,comfortable,0
310,comfortably,0
311,comforting,0
312,comfy,0
313,commend,0
314,commendable,0
315,commendably,0
316,commitment,0
317,commodious,0
318,compact,0
319,compactly,0
320,compassion,0
321,compassionate,0
322,compatible,0
323,competitive,0
324,complement,0
325,complementary,0
326,complemented,0
327,complements,0
328,compliant,0
329,compliment,0
330,complimentary,0
331,comprehensive,0
332,conciliate,0
333,conciliatory,0
334,concise,0
335,confidence,0
336,confident,0
337,congenial,0
338,congratulate,0
339,congratulation,0
340,congratulations,0
341,congratulatory,0
342,conscientious,0
343,considerate,0
344,consistent,0
345,consistently,0
346,constructive,0
347,consummate,0
348,contentment,0
349,continuity,0
350,contrasty,0
351,contribution,0
352,convenience,0
353,convenient,0
354,conveniently,0
355,convience,0
356,convienient,0
357,convient,0
358,convincing,0
359,convincingly,0
360,cool,0
361,coolest,0
362,cooperative,0
363,cooperatively,0
364,cornerstone,0
365,correct,0
366,correctly,0
367,cost-effective,0
368,cost-saving,0
369,counter-attack,0
370,counter-attacks,0
371,courage,0
372,courageous,0
373,courageously,0
374,courageousness,0
375,courteous,0
376,courtly,0
377,covenant,0
378,cozy,0
379,creative,0
380,credence,0
381,credible,0
382,crisp,0
383,crisper,0
384,cure,0
385,cure-all,0
386,cushy,0
387,cute,0
388,cuteness,0
389,danke,0
390,danken,0
391,daring,0
392,daringly,0
393,darling,0
394,dashing,0
395,dauntless,0
396,dawn,0
397,dazzle,0
398,dazzled,0
399,dazzling,0
400,dead-cheap,0
401,dead-on,0
402,decency,0
403,decent,0
404,decisive,0
405,decisiveness,0
406,dedicated,0
407,defeat,0
408,defeated,0
409,defeating,0
410,defeats,0
411,defender,0
412,deference,0
413,deft,0
414,deginified,0
415,delectable,0
416,delicacy,0
417,delicate,0
418,delicious,0
419,delight,0
420,delighted,0
421,delightful,0
422,delightfully,0
423,delightfulness,0
424,dependable,0
425,dependably,0
426,deservedly,0
427,deserving,0
428,desirable,0
429,desiring,0
430,desirous,0
431,destiny,0
432,detachable,0
433,devout,0
434,dexterous,0
435,dexterously,0
436,dextrous,0
437,dignified,0
438,dignify,0
439,dignity,0
440,diligence,0
441,diligent,0
442,diligently,0
443,diplomatic,0
444,dirt-cheap,0
445,distinction,0
446,distinctive,0
447,distinguished,0
448,diversified,0
449,divine,0
450,divinely,0
451,dominate,0
452,dominated,0
453,dominates,0
454,dote,0
455,dotingly,0
456,doubtless,0
457,dreamland,0
458,dumbfounded,0
459,dumbfounding,0
460,dummy-proof,0
461,durable,0
462,dynamic,0
463,eager,0
464,eagerly,0
465,eagerness,0
466,earnest,0
467,earnestly,0
468,earnestness,0
469,ease,0
470,eased,0
471,eases,0
472,easier,0
473,easiest,0
474,easiness,0
475,easing,0
476,easy,0
477,easy-to-use,0
478,easygoing,0
479,ebullience,0
480,ebullient,0
481,ebulliently,0
482,ecenomical,0
483,economical,0
484,ecstasies,0
485,ecstasy,0
486,ecstatic,0
487,ecstatically,0
488,edify,0
489,educated,0
490,effective,0
491,effectively,0
492,effectiveness,0
493,effectual,0
494,efficacious,0
495,efficient,0
496,efficiently,0
497,effortless,0
498,effortlessly,0
499,effusion,0
500,effusive,0
501,effusively,0
502,effusiveness,0
503,elan,0
504,elate,0
505,elated,0
506,elatedly,0
507,elation,0
508,electrify,0
509,elegance,0
510,elegant,0
511,elegantly,0
512,elevate,0
513,elite,0
514,eloquence,0
515,eloquent,0
516,eloquently,0
517,embolden,0
518,eminence,0
519,eminent,0
520,empathize,0
521,empathy,0
522,empower,0
523,empowerment,0
524,enchant,0
525,enchanted,0
526,enchanting,0
527,enchantingly,0
528,encourage,0
529,encouragement,0
530,encouraging,0
531,encouragingly,0
532,endear,0
533,endearing,0
534,endorse,0
535,endorsed,0
536,endorsement,0
537,endorses,0
538,endorsing,0
539,energetic,0
540,energize,0
541,energy-efficient,0
542,energy-saving,0
543,engaging,0
544,engrossing,0
545,enhance,0
546,enhanced,0
547,enhancement,0
548,enhances,0
549,enjoy,0
550,enjoyable,0
551,enjoyably,0
552,enjoyed,0
553,enjoying,0
554,enjoyment,0
555,enjoys,0
556,enlighten,0
557,enlightenment,0
558,enliven,0
559,ennoble,0
560,enough,0
561,enrapt,0
562,enrapture,0
563,enraptured,0
564,enrich,0
565,enrichment,0
566,enterprising,0
567,entertain,0
568,entertaining,0
569,entertains,0
570,enthral,0
571,enthrall,0
572,enthralled,0
573,enthuse,0
574,enthusiasm,0
575,enthusiast,0
576,enthusiastic,0
577,enthusiastically,0
578,entice,0
579,enticed,0
580,enticing,0
581,enticingly,0
582,entranced,0
583,entrancing,0
584,entrust,0
585,enviable,0
586,enviably,0
587,envious,0
588,enviously,0
589,enviousness,0
590,envy,0
591,equitable,0
592,ergonomical,0
593,err-free,0
594,erudite,0
595,ethical,0
596,eulogize,0
597,euphoria,0
598,euphoric,0
599,euphorically,0
600,evaluative,0
601,evenly,0
602,eventful,0
603,everlasting,0
604,evocative,0
605,exalt,0
606,exaltation,0
607,exalted,0
608,exaltedly,0
609,exalting,0
610,exaltingly,0
611,examplar,0
612,examplary,0
613,excallent,0
614,exceed,0
615,exceeded,0
616,exceeding,0
617,exceedingly,0
618,exceeds,0
619,excel,0
620,exceled,0
621,excelent,0
622,excellant,0
623,excelled,0
624,excellence,0
625,excellency,0
626,excellent,0
627,excellently,0
628,excels,0
629,exceptional,0
630,exceptionally,0
631,excite,0
632,excited,0
633,excitedly,0
634,excitedness,0
635,excitement,0
636,excites,0
637,exciting,0
638,excitingly,0
639,exellent,0
640,exemplar,0
641,exemplary,0
642,exhilarate,0
643,exhilarating,0
644,exhilaratingly,0
645,exhilaration,0
646,exonerate,0
647,expansive,0
648,expeditiously,0
649,expertly,0
650,exquisite,0
651,exquisitely,0
652,extol,0
653,extoll,0
654,extraordinarily,0
655,extraordinary,0
656,exuberance,0
657,exuberant,0
658,exuberantly,0
659,exult,0
660,exultant,0
661,exultation,0
662,exultingly,0
663,eye-catch,0
664,eye-catching,0
665,eyecatch,0
666,eyecatching,0
667,fabulous,0
668,fabulously,0
669,facilitate,0
670,fair,0
671,fairly,0
672,fairness,0
673,faith,0
674,faithful,0
675,faithfully,0
676,faithfulness,0
677,fame,0
678,famed,0
679,famous,0
680,famously,0
681,fancier,0
682,fancinating,0
683,fancy,0
684,fanfare,0
685,fans,0
686,fantastic,0
687,fantastically,0
688,fascinate,0
689,fascinating,0
690,fascinatingly,0
691,fascination,0
692,fashionable,0
693,fashionably,0
694,fast,0
695,fast-growing,0
696,fast-paced,0
697,faster,0
698,fastest,0
699,fastest-growing,0
700,faultless,0
701,fav,0
702,fave,0
703,favor,0
704,favorable,0
705,favored,0
706,favorite,0
707,favorited,0
708,favour,0
709,fearless,0
710,fearlessly,0
711,feasible,0
712,feasibly,0
713,feat,0
714,feature-rich,0
715,fecilitous,0
716,feisty,0
717,felicitate,0
718,felicitous,0
719,felicity,0
720,fertile,0
721,fervent,0
722,fervently,0
723,fervid,0
724,fervidly,0
725,fervor,0
726,festive,0
727,fidelity,0
728,fiery,0
729,fine,0
730,fine-looking,0
731,finely,0
732,finer,0
733,finest,0
734,firmer,0
735,first-class,0
736,first-in-class,0
737,first-rate,0
738,flashy,0
739,flatter,0
740,flattering,0
741,flatteringly,0
742,flawless,0
743,flawlessly,0
744,flexibility,0
745,flexible,0
746,flourish,0
747,flourishing,0
748,fluent,0
749,flutter,0
750,fond,0
751,fondly,0
752,fondness,0
753,foolproof,0
754,foremost,0
755,foresight,0
756,formidable,0
757,fortitude,0
758,fortuitous,0
759,fortuitously,0
760,fortunate,0
761,fortunately,0
762,fortune,0
763,fragrant,0
764,free,0
765,freed,0
766,freedom,0
767,freedoms,0
768,fresh,0
769,fresher,0
770,freshest,0
771,friendliness,0
772,friendly,0
773,frolic,0
774,frugal,0
775,fruitful,0
776,ftw,0
777,fulfillment,0
778,fun,0
779,futurestic,0
780,futuristic,0
781,gaiety,0
782,gaily,0
783,gain,0
784,gained,0
785,gainful,0
786,gainfully,0
787,gaining,0
788,gains,0
789,gallant,0
790,gallantly,0
791,galore,0
792,geekier,0
793,geeky,0
794,gem,0
795,gems,0
796,generosity,0
797,generous,0
798,generously,0
799,genial,0
800,genius,0
801,gentle,0
802,gentlest,0
803,genuine,0
804,gifted,0
805,glad,0
806,gladden,0
807,gladly,0
808,gladness,0
809,glamorous,0
810,glee,0
811,gleeful,0
812,gleefully,0
813,glimmer,0
814,glimmering,0
815,glisten,0
816,glistening,0
817,glitter,0
818,glitz,0
819,glorify,0
820,glorious,0
821,gloriously,0
822,glory,0
823,glow,0
824,glowing,0
825,glowingly,0
826,god-given,0
827,god-send,0
828,godlike,0
829,godsend,0
830,gold,0
831,golden,0
832,good,0
833,goodly,0
834,goodness,0
835,goodwill,0
836,goood,0
837,gooood,0
838,gorgeous,0
839,gorgeously,0
840,grace,0
841,graceful,0
842,gracefully,0
843,gracious,0
844,graciously,0
845,graciousness,0
846,grand,0
847,grandeur,0
848,grateful,0
849,gratefully,0
850,gratification,0
851,gratified,0
852,gratifies,0
853,gratify,0
854,gratifying,0
855,gratifyingly,0
856,gratitude,0
857,great,0
858,greatest,0
859,greatness,0
860,grin,0
861,groundbreaking,0
862,guarantee,0
863,guidance,0
864,guiltless,0
865,gumption,0
866,gush,0
867,gusto,0
868,gutsy,0
869,hail,0
870,halcyon,0
871,hale,0
872,hallmark,0
873,hallmarks,0
874,hallowed,0
875,handier,0
876,handily,0
877,hands-down,0
878,handsome,0
879,handsomely,0
880,handy,0
881,happier,0
882,happily,0
883,happiness,0
884,happy,0
885,hard-working,0
886,hardier,0
887,hardy,0
888,harmless,0
889,harmonious,0
890,harmoniously,0
891,harmonize,0
892,harmony,0
893,headway,0
894,heal,0
895,healthful,0
896,healthy,0
897,hearten,0
898,heartening,0
899,heartfelt,0
900,heartily,0
901,heartwarming,0
902,heaven,0
903,heavenly,0
904,helped,0
905,helpful,0
906,helping,0
907,hero,0
908,heroic,0
909,heroically,0
910,heroine,0
911,heroize,0
912,heros,0
913,high-quality,0
914,high-spirited,0
915,hilarious,0
916,holy,0
917,homage,0
918,honest,0
919,honesty,0
920,honor,0
921,honorable,0
922,honored,0
923,honoring,0
924,hooray,0
925,hopeful,0
926,hospitable,0
927,hot,0
928,hotcake,0
929,hotcakes,0
930,hottest,0
931,hug,0
932,humane,0
933,humble,0
934,humility,0
935,humor,0
936,humorous,0
937,humorously,0
938,humour,0
939,humourous,0
940,ideal,0
941,idealize,0
942,ideally,0
943,idol,0
944,idolize,0
945,idolized,0
946,idyllic,0
947,illuminate,0
948,illuminati,0
949,illuminating,0
950,illumine,0
951,illustrious,0
952,ilu,0
953,imaculate,0
954,imaginative,0
955,immaculate,0
956,immaculately,0
957,immense,0
958,impartial,0
959,impartiality,0
960,impartially,0
961,impassioned,0
962,impeccable,0
963,impeccably,0
964,important,0
965,impress,0
966,impressed,0
967,impresses,0
968,impressive,0
969,impressively,0
970,impressiveness,0
971,improve,0
972,improved,0
973,improvement,0
974,improvements,0
975,improves,0
976,improving,0
977,incredible,0
978,incredibly,0
979,indebted,0
980,individualized,0
981,indulgence,0
982,indulgent,0
983,industrious,0
984,inestimable,0
985,inestimably,0
986,inexpensive,0
987,infallibility,0
988,infallible,0
989,infallibly,0
990,influential,0
991,ingenious,0
992,ingeniously,0
993,ingenuity,0
994,ingenuous,0
995,ingenuously,0
996,innocuous,0
997,innovation,0
998,innovative,0
999,inpressed,0
1000,insightful,0
1001,insightfully,0
1002,inspiration,0
1003,inspirational,0
1004,inspire,0
1005,inspiring,0
1006,instantly,0
1007,instructive,0
1008,instrumental,0
1009,integral,0
1010,integrated,0
1011,intelligence,0
1012,intelligent,0
1013,intelligible,0
1014,interesting,0
1015,interests,0
1016,intimacy,0
1017,intimate,0
1018,intricate,0
1019,intrigue,0
1020,intriguing,0
1021,intriguingly,0
1022,intuitive,0
1023,invaluable,0
1024,invaluablely,0
1025,inventive,0
1026,invigorate,0
1027,invigorating,0
1028,invincibility,0
1029,invincible,0
1030,inviolable,0
1031,inviolate,0
1032,invulnerable,0
1033,irreplaceable,0
1034,irreproachable,0
1035,irresistible,0
1036,irresistibly,0
1037,issue-free,0
1038,jaw-droping,0
1039,jaw-dropping,0
1040,jollify,0
1041,jolly,0
1042,jovial,0
1043,joy,0
1044,joyful,0
1045,joyfully,0
1046,joyous,0
1047,joyously,0
1048,jubilant,0
1049,jubilantly,0
1050,jubilate,0
1051,jubilation,0
1052,jubiliant,0
1053,judicious,0
1054,justly,0
1055,keen,0
1056,keenly,0
1057,keenness,0
1058,kid-friendly,0
1059,kindliness,0
1060,kindly,0
1061,kindness,0
1062,knowledgeable,0
1063,kudos,0
1064,large-capacity,0
1065,laud,0
1066,laudable,0
1067,laudably,0
1068,lavish,0
1069,lavishly,0
1070,law-abiding,0
1071,lawful,0
1072,lawfully,0
1073,lead,0
1074,leading,0
1075,leads,0
1076,lean,0
1077,led,0
1078,legendary,0
1079,leverage,0
1080,levity,0
1081,liberate,0
1082,liberation,0
1083,liberty,0
1084,lifesaver,0
1085,light-hearted,0
1086,lighter,0
1087,likable,0
1088,like,0
1089,liked,0
1090,likes,0
1091,liking,0
1092,lionhearted,0
1093,lively,0
1094,logical,0
1095,long-lasting,0
1096,lovable,0
1097,lovably,0
1098,love,0
1099,loved,0
1100,loveliness,0
1101,lovely,0
1102,lover,0
1103,loves,0
1104,loving,0
1105,low-cost,0
1106,low-price,0
1107,low-priced,0
1108,low-risk,0
1109,lower-priced,0
1110,loyal,0
1111,loyalty,0
1112,lucid,0
1113,lucidly,0
1114,luck,0
1115,luckier,0
1116,luckiest,0
1117,luckiness,0
1118,lucky,0
1119,lucrative,0
1120,luminous,0
1121,lush,0
1122,luster,0
1123,lustrous,0
1124,luxuriant,0
1125,luxuriate,0
1126,luxurious,0
1127,luxuriously,0
1128,luxury,0
1129,lyrical,0
1130,magic,0
1131,magical,0
1132,magnanimous,0
1133,magnanimously,0
1134,magnificence,0
1135,magnificent,0
1136,magnificently,0
1137,majestic,0
1138,majesty,0
1139,manageable,0
1140,maneuverable,0
1141,marvel,0
1142,marveled,0
1143,marvelled,0
1144,marvellous,0
1145,marvelous,0
1146,marvelously,0
1147,marvelousness,0
1148,marvels,0
1149,master,0
1150,masterful,0
1151,masterfully,0
1152,masterpiece,0
1153,masterpieces,0
1154,masters,0
1155,mastery,0
1156,matchless,0
1157,mature,0
1158,maturely,0
1159,maturity,0
1160,meaningful,0
1161,memorable,0
1162,merciful,0
1163,mercifully,0
1164,mercy,0
1165,merit,0
1166,meritorious,0
1167,merrily,0
1168,merriment,0
1169,merriness,0
1170,merry,0
1171,mesmerize,0
1172,mesmerized,0
1173,mesmerizes,0
1174,mesmerizing,0
1175,mesmerizingly,0
1176,meticulous,0
1177,meticulously,0
1178,mightily,0
1179,mighty,0
1180,mind-blowing,0
1181,miracle,0
1182,miracles,0
1183,miraculous,0
1184,miraculously,0
1185,miraculousness,0
1186,modern,0
1187,modest,0
1188,modesty,0
1189,momentous,0
1190,monumental,0
1191,monumentally,0
1192,morality,0
1193,motivated,0
1194,multi-purpose,0
1195,navigable,0
1196,neat,0
1197,neatest,0
1198,neatly,0
1199,nice,0
1200,nicely,0
1201,nicer,0
1202,nicest,0
1203,nifty,0
1204,nimble,0
1205,noble,0
1206,nobly,0
1207,noiseless,0
1208,non-violence,0
1209,non-violent,0
1210,notably,0
1211,noteworthy,0
1212,nourish,0
1213,nourishing,0
1214,nourishment,0
1215,novelty,0
1216,nurturing,0
1217,oasis,0
1218,obsession,0
1219,obsessions,0
1220,obtainable,0
1221,openly,0
1222,openness,0
1223,optimal,0
1224,optimism,0
1225,optimistic,0
1226,opulent,0
1227,orderly,0
1228,originality,0
1229,outdo,0
1230,outdone,0
1231,outperform,0
1232,outperformed,0
1233,outperforming,0
1234,outperforms,0
1235,outshine,0
1236,outshone,0
1237,outsmart,0
1238,outstanding,0
1239,outstandingly,0
1240,outstrip,0
1241,outwit,0
1242,ovation,0
1243,overjoyed,0
1244,overtake,0
1245,overtaken,0
1246,overtakes,0
1247,overtaking,0
1248,overtook,0
1249,overture,0
1250,pain-free,0
1251,painless,0
1252,painlessly,0
1253,palatial,0
1254,pamper,0
1255,pampered,0
1256,pamperedly,0
1257,pamperedness,0
1258,pampers,0
1259,panoramic,0
1260,paradise,0
1261,paramount,0
1262,pardon,0
1263,passion,0
1264,passionate,0
1265,passionately,0
1266,patience,0
1267,patient,0
1268,patiently,0
1269,patriot,0
1270,patriotic,0
1271,peace,0
1272,peaceable,0
1273,peaceful,0
1274,peacefully,0
1275,peacekeepers,0
1276,peach,0
1277,peerless,0
1278,pep,0
1279,pepped,0
1280,pepping,0
1281,peppy,0
1282,peps,0
1283,perfect,0
1284,perfection,0
1285,perfectly,0
1286,permissible,0
1287,perseverance,0
1288,persevere,0
1289,personages,0
1290,personalized,0
1291,phenomenal,0
1292,phenomenally,0
1293,picturesque,0
1294,piety,0
1295,pinnacle,0
1296,playful,0
1297,playfully,0
1298,pleasant,0
1299,pleasantly,0
1300,pleased,0
1301,pleases,0
1302,pleasing,0
1303,pleasingly,0
1304,pleasurable,0
1305,pleasurably,0
1306,pleasure,0
1307,plentiful,0
1308,pluses,0
1309,plush,0
1310,plusses,0
1311,poetic,0
1312,poeticize,0
1313,poignant,0
1314,poise,0
1315,poised,0
1316,polished,0
1317,polite,0
1318,politeness,0
1319,popular,0
1320,portable,0
1321,posh,0
1322,positive,0
1323,positively,0
1324,positives,0
1325,powerful,0
1326,powerfully,0
1327,praise,0
1328,praiseworthy,0
1329,praising,0
1330,pre-eminent,0
1331,precious,0
1332,precise,0
1333,precisely,0
1334,preeminent,0
1335,prefer,0
1336,preferable,0
1337,preferably,0
1338,prefered,0
1339,preferes,0
1340,preferring,0
1341,prefers,0
1342,premier,0
1343,prestige,0
1344,prestigious,0
1345,prettily,0
1346,pretty,0
1347,priceless,0
1348,pride,0
1349,principled,0
1350,privilege,0
1351,privileged,0
1352,prize,0
1353,proactive,0
1354,problem-free,0
1355,problem-solver,0
1356,prodigious,0
1357,prodigiously,0
1358,prodigy,0
1359,productive,0
1360,productively,0
1361,proficient,0
1362,proficiently,0
1363,profound,0
1364,profoundly,0
1365,profuse,0
1366,profusion,0
1367,progress,0
1368,progressive,0
1369,prolific,0
1370,prominence,0
1371,prominent,0
1372,promise,0
1373,promised,0
1374,promises,0
1375,promising,0
1376,promoter,0
1377,prompt,0
1378,promptly,0
1379,proper,0
1380,properly,0
1381,propitious,0
1382,propitiously,0
1383,pros,0
1384,prosper,0
1385,prosperity,0
1386,prosperous,0
1387,prospros,0
1388,protect,0
1389,protection,0
1390,protective,0
1391,proud,0
1392,proven,0
1393,proves,0
1394,providence,0
1395,proving,0
1396,prowess,0
1397,prudence,0
1398,prudent,0
1399,prudently,0
1400,punctual,0
1401,pure,0
1402,purify,0
1403,purposeful,0
1404,quaint,0
1405,qualified,0
1406,qualify,0
1407,quicker,0
1408,quiet,0
1409,quieter,0
1410,radiance,0
1411,radiant,0
1412,rapid,0
1413,rapport,0
1414,rapt,0
1415,rapture,0
1416,raptureous,0
1417,raptureously,0
1418,rapturous,0
1419,rapturously,0
1420,rational,0
1421,razor-sharp,0
1422,reachable,0
1423,readable,0
1424,readily,0
1425,ready,0
1426,reaffirm,0
1427,reaffirmation,0
1428,realistic,0
1429,realizable,0
1430,reasonable,0
1431,reasonably,0
1432,reasoned,0
1433,reassurance,0
1434,reassure,0
1435,receptive,0
1436,reclaim,0
1437,recomend,0
1438,recommend,0
1439,recommendation,0
1440,recommendations,0
1441,recommended,0
1442,reconcile,0
1443,reconciliation,0
1444,record-setting,0
1445,recover,0
1446,recovery,0
1447,rectification,0
1448,rectify,0
1449,rectifying,0
1450,redeem,0
1451,redeeming,0
1452,redemption,0
1453,refine,0
1454,refined,0
1455,refinement,0
1456,reform,0
1457,reformed,0
1458,reforming,0
1459,reforms,0
1460,refresh,0
1461,refreshed,0
1462,refreshing,0
1463,refund,0
1464,refunded,0
1465,regal,0
1466,regally,0
1467,regard,0
1468,rejoice,0
1469,rejoicing,0
1470,rejoicingly,0
1471,rejuvenate,0
1472,rejuvenated,0
1473,rejuvenating,0
1474,relaxed,0
1475,relent,0
1476,reliable,0
1477,reliably,0
1478,relief,0
1479,relish,0
1480,remarkable,0
1481,remarkably,0
1482,remedy,0
1483,remission,0
1484,remunerate,0
1485,renaissance,0
1486,renewed,0
1487,renown,0
1488,renowned,0
1489,replaceable,0
1490,reputable,0
1491,reputation,0
1492,resilient,0
1493,resolute,0
1494,resound,0
1495,resounding,0
1496,resourceful,0
1497,resourcefulness,0
1498,respect,0
1499,respectable,0
1500,respectful,0
1501,respectfully,0
1502,respite,0
1503,resplendent,0
1504,responsibly,0
1505,responsive,0
1506,restful,0
1507,restored,0
1508,restructure,0
1509,restructured,0
1510,restructuring,0
1511,retractable,0
1512,revel,0
1513,revelation,0
1514,revere,0
1515,reverence,0
1516,reverent,0
1517,reverently,0
1518,revitalize,0
1519,revival,0
1520,revive,0
1521,revives,0
1522,revolutionary,0
1523,revolutionize,0
1524,revolutionized,0
1525,revolutionizes,0
1526,reward,0
1527,rewarding,0
1528,rewardingly,0
1529,rich,0
1530,richer,0
1531,richly,0
1532,richness,0
1533,right,0
1534,righten,0
1535,righteous,0
1536,righteously,0
1537,righteousness,0
1538,rightful,0
1539,rightfully,0
1540,rightly,0
1541,rightness,0
1542,risk-free,0
1543,robust,0
1544,rock-star,0
1545,rock-stars,0
1546,rockstar,0
1547,rockstars,0
1548,romantic,0
1549,romantically,0
1550,romanticize,0
1551,roomier,0
1552,roomy,0
1553,rosy,0
1554,safe,0
1555,safely,0
1556,sagacity,0
1557,sagely,0
1558,saint,0
1559,saintliness,0
1560,saintly,0
1561,salutary,0
1562,salute,0
1563,sane,0
1564,satisfactorily,0
1565,satisfactory,0
1566,satisfied,0
1567,satisfies,0
1568,satisfy,0
1569,satisfying,0
1570,satisified,0
1571,saver,0
1572,savings,0
1573,savior,0
1574,savvy,0
1575,scenic,0
1576,seamless,0
1577,seasoned,0
1578,secure,0
1579,securely,0
1580,selective,0
1581,self-determination,0
1582,self-respect,0
1583,self-satisfaction,0
1584,self-sufficiency,0
1585,self-sufficient,0
1586,sensation,0
1587,sensational,0
1588,sensationally,0
1589,sensations,0
1590,sensible,0
1591,sensibly,0
1592,sensitive,0
1593,serene,0
1594,serenity,0
1595,sexy,0
1596,sharp,0
1597,sharper,0
1598,sharpest,0
1599,shimmering,0
1600,shimmeringly,0
1601,shine,0
1602,shiny,0
1603,significant,0
1604,silent,0
1605,simpler,0
1606,simplest,0
1607,simplified,0
1608,simplifies,0
1609,simplify,0
1610,simplifying,0
1611,sincere,0
1612,sincerely,0
1613,sincerity,0
1614,skill,0
1615,skilled,0
1616,skillful,0
1617,skillfully,0
1618,slammin,0
1619,sleek,0
1620,slick,0
1621,smart,0
1622,smarter,0
1623,smartest,0
1624,smartly,0
1625,smile,0
1626,smiles,0
1627,smiling,0
1628,smilingly,0
1629,smitten,0
1630,smooth,0
1631,smoother,0
1632,smoothes,0
1633,smoothest,0
1634,smoothly,0
1635,snappy,0
1636,snazzy,0
1637,sociable,0
1638,soft,0
1639,softer,0
1640,solace,0
1641,solicitous,0
1642,solicitously,0
1643,solid,0
1644,solidarity,0
1645,soothe,0
1646,soothingly,0
1647,sophisticated,0
1648,soulful,0
1649,soundly,0
1650,soundness,0
1651,spacious,0
1652,sparkle,0
1653,sparkling,0
1654,spectacular,0
1655,spectacularly,0
1656,speedily,0
1657,speedy,0
1658,spellbind,0
1659,spellbinding,0
1660,spellbindingly,0
1661,spellbound,0
1662,spirited,0
1663,spiritual,0
1664,splendid,0
1665,splendidly,0
1666,splendor,0
1667,spontaneous,0
1668,sporty,0
1669,spotless,0
1670,sprightly,0
1671,stability,0
1672,stabilize,0
1673,stable,0
1674,stainless,0
1675,standout,0
1676,state-of-the-art,0
1677,stately,0
1678,statuesque,0
1679,staunch,0
1680,staunchly,0
1681,staunchness,0
1682,steadfast,0
1683,steadfastly,0
1684,steadfastness,0
1685,steadiest,0
1686,steadiness,0
1687,steady,0
1688,stellar,0
1689,stellarly,0
1690,stimulate,0
1691,stimulates,0
1692,stimulating,0
1693,stimulative,0
1694,stirringly,0
1695,straighten,0
1696,straightforward,0
1697,streamlined,0
1698,striking,0
1699,strikingly,0
1700,striving,0
1701,strong,0
1702,stronger,0
1703,strongest,0
1704,stunned,0
1705,stunning,0
1706,stunningly,0
1707,stupendous,0
1708,stupendously,0
1709,sturdier,0
1710,sturdy,0
1711,stylish,0
1712,stylishly,0
1713,stylized,0
1714,suave,0
1715,suavely,0
1716,sublime,0
1717,subsidize,0
1718,subsidized,0
1719,subsidizes,0
1720,subsidizing,0
1721,substantive,0
1722,succeed,0
1723,succeeded,0
1724,succeeding,0
1725,succeeds,0
1726,succes,0
1727,success,0
1728,successes,0
1729,successful,0
1730,successfully,0
1731,suffice,0
1732,sufficed,0
1733,suffices,0
1734,sufficient,0
1735,sufficiently,0
1736,suitable,0
1737,sumptuous,0
1738,sumptuously,0
1739,sumptuousness,0
1740,super,0
1741,superb,0
1742,superbly,0
1743,superior,0
1744,superiority,0
1745,supple,0
1746,support,0
1747,supported,0
1748,supporter,0
1749,supporting,0
1750,supportive,0
1751,supports,0
1752,supremacy,0
1753,supreme,0
1754,supremely,0
1755,supurb,0
1756,supurbly,0
1757,surmount,0
1758,surpass,0
1759,surreal,0
1760,survival,0
1761,survivor,0
1762,sustainability,0
1763,sustainable,0
1764,swank,0
1765,swankier,0
1766,swankiest,0
1767,swanky,0
1768,sweeping,0
1769,sweet,0
1770,sweeten,0
1771,sweetheart,0
1772,sweetly,0
1773,sweetness,0
1774,swift,0
1775,swiftness,0
1776,talent,0
1777,talented,0
1778,talents,0
1779,tantalize,0
1780,tantalizing,0
1781,tantalizingly,0
1782,tempt,0
1783,tempting,0
1784,temptingly,0
1785,tenacious,0
1786,tenaciously,0
1787,tenacity,0
1788,tender,0
1789,tenderly,0
1790,terrific,0
1791,terrifically,0
1792,thank,0
1793,thankful,0
1794,thinner,0
1795,thoughtful,0
1796,thoughtfully,0
1797,thoughtfulness,0
1798,thrift,0
1799,thrifty,0
1800,thrill,0
1801,thrilled,0
1802,thrilling,0
1803,thrillingly,0
1804,thrills,0
1805,thrive,0
1806,thriving,0
1807,thumb-up,0
1808,thumbs-up,0
1809,tickle,0
1810,tidy,0
1811,time-honored,0
1812,timely,0
1813,tingle,0
1814,titillate,0
1815,titillating,0
1816,titillatingly,0
1817,togetherness,0
1818,tolerable,0
1819,toll-free,0
1820,top,0
1821,top-notch,0
1822,top-quality,0
1823,topnotch,0
1824,tops,0
1825,tough,0
1826,tougher,0
1827,toughest,0
1828,traction,0
1829,tranquil,0
1830,tranquility,0
1831,transparent,0
1832,treasure,0
1833,tremendously,0
1834,trendy,0
1835,triumph,0
1836,triumphal,0
1837,triumphant,0
1838,triumphantly,0
1839,trivially,0
1840,trophy,0
1841,trouble-free,0
1842,trump,0
1843,trumpet,0
1844,trust,0
1845,trusted,0
1846,trusting,0
1847,trustingly,0
1848,trustworthiness,0
1849,trustworthy,0
1850,trusty,0
1851,truthful,0
1852,truthfully,0
1853,truthfulness,0
1854,twinkly,0
1855,ultra-crisp,0
1856,unabashed,0
1857,unabashedly,0
1858,unaffected,0
1859,unassailable,0
1860,unbeatable,0
1861,unbiased,0
1862,unbound,0
1863,uncomplicated,0
1864,unconditional,0
1865,undamaged,0
1866,undaunted,0
1867,understandable,0
1868,undisputable,0
1869,undisputably,0
1870,undisputed,0
1871,unencumbered,0
1872,unequivocal,0
1873,unequivocally,0
1874,unfazed,0
1875,unfettered,0
1876,unforgettable,0
1877,unity,0
1878,unlimited,0
1879,unmatched,0
1880,unparalleled,0
1881,unquestionable,0
1882,unquestionably,0
1883,unreal,0
1884,unrestricted,0
1885,unrivaled,0
1886,unselfish,0
1887,unwavering,0
1888,upbeat,0
1889,upgradable,0
1890,upgradeable,0
1891,upgraded,0
1892,upheld,0
1893,uphold,0
1894,uplift,0
1895,uplifting,0
1896,upliftingly,0
1897,upliftment,0
1898,upscale,0
1899,usable,0
1900,useable,0
1901,useful,0
1902,user-friendly,0
1903,user-replaceable,0
1904,valiant,0
1905,valiantly,0
1906,valor,0
1907,valuable,0
1908,variety,0
1909,venerate,0
1910,verifiable,0
1911,veritable,0
1912,versatile,0
1913,versatility,0
1914,vibrant,0
1915,vibrantly,0
1916,victorious,0
1917,victory,0
1918,viewable,0
1919,vigilance,0
1920,vigilant,0
1921,virtue,0
1922,virtuous,0
1923,virtuously,0
1924,visionary,0
1925,vivacious,0
1926,vivid,0
1927,vouch,0
1928,vouchsafe,0
1929,warm,0
1930,warmer,0
1931,warmhearted,0
1932,warmly,0
1933,warmth,0
1934,wealthy,0
1935,welcome,0
1936,well,0
1937,well-backlit,0
1938,well-balanced,0
1939,well-behaved,0
1940,well-being,0
1941,well-bred,0
1942,well-connected,0
1943,well-educated,0
1944,well-established,0
1945,well-informed,0
1946,well-intentioned,0
1947,well-known,0
1948,well-made,0
1949,well-managed,0
1950,well-mannered,0
1951,well-positioned,0
1952,well-received,0
1953,well-regarded,0
1954,well-rounded,0
1955,well-run,0
1956,well-wishers,0
1957,wellbeing,0
1958,whoa,0
1959,wholeheartedly,0
1960,wholesome,0
1961,whooa,0
1962,whoooa,0
1963,wieldy,0
1964,willing,0
1965,willingly,0
1966,willingness,0
1967,win,0
1968,windfall,0
1969,winnable,0
1970,winner,0
1971,winners,0
1972,winning,0
1973,wins,0
1974,wisdom,0
1975,wise,0
1976,wisely,0
1977,witty,0
1978,won,0
1979,wonder,0
1980,wonderful,0
1981,wonderfully,0
1982,wonderous,0
1983,wonderously,0
1984,wonders,0
1985,wondrous,0
1986,woo,0
1987,work,0
1988,workable,0
1989,worked,0
1990,works,0
1991,world-famous,0
1992,worth,0
1993,worth-while,0
1994,worthiness,0
1995,worthwhile,0
1996,worthy,0
1997,wow,0
1998,wowed,0
1999,wowing,0
2000,wows,0
2001,yay,0
2002,youthful,0
2003,zeal,0
2004,zenith,0
2005,zest,0
2006,zippy,0
